Audio_name,centroid_1,Label
bonafide_LA_T_5891775.flac,1852.38492910846,True
bonafide_LA_E_8623364.flac,1908.3362675539718,True
bonafide_LA_D_2831561.flac,1756.788951487912,True
bonafide_LA_D_7751131.flac,1904.9189012719942,True
bonafide_LA_D_7836916.flac,1849.6606946908314,True
bonafide_LA_E_8610376.flac,2106.210074782251,True
bonafide_LA_E_8786294.flac,1835.8310479473591,True
bonafide_LA_T_3647140.flac,1851.1516350341783,True
bonafide_LA_T_5610586.flac,1978.0540566494135,True
bonafide_LA_T_5777134.flac,1755.9123962683773,True
bonafide_LA_T_8571358.flac,1578.7650585620502,True
bonafide_LA_T_8549038.flac,1834.560872070592,True
bonafide_LA_E_8451979.flac,1695.930852982667,True
bonafide_LA_D_8429108.flac,1788.433652600667,True
bonafide_LA_D_7550546.flac,1774.4380128306882,True
bonafide_LA_T_8864733.flac,1509.087746693646,True
bonafide_LA_D_1592094.flac,1999.3802006131205,True
bonafide_LA_E_7192318.flac,1808.5989014440245,True
bonafide_LA_T_5806387.flac,1759.166508324725,True
bonafide_LA_T_3576775.flac,1981.1601562789224,True
bonafide_LA_D_1518150.flac,1648.3403050461181,True
bonafide_LA_D_1823771.flac,2842.24474019853,True
bonafide_LA_D_7450739.flac,1736.4278395038698,True
bonafide_LA_D_1274098.flac,1847.4402210558073,True
bonafide_LA_T_3508642.flac,1743.096277152983,True
bonafide_LA_D_8215973.flac,1959.7178460342961,True
bonafide_LA_T_8721428.flac,2222.3507596428444,True
bonafide_LA_T_8841091.flac,1731.065923976477,True
bonafide_LA_E_7097428.flac,1648.0791993401588,True
bonafide_LA_D_1786730.flac,1535.9566009080343,True
bonafide_LA_D_1123614.flac,2050.7947188024664,True
bonafide_LA_E_7647451.flac,1772.2742556670294,True
bonafide_LA_E_8177574.flac,1548.180113763427,True
bonafide_LA_T_8636985.flac,1585.6292119344469,True
bonafide_LA_T_8639914.flac,1792.9994017966378,True
bonafide_LA_D_1812623.flac,1709.9869822602766,True
bonafide_LA_D_7883377.flac,2173.774578013886,True
bonafide_LA_D_1703452.flac,1610.311927968811,True
bonafide_LA_T_5599339.flac,1900.6938142015138,True
bonafide_LA_T_6034182.flac,1458.7874218397826,True
bonafide_LA_D_7407432.flac,1673.7879064740978,True
bonafide_LA_D_7554234.flac,1799.321138031898,True
bonafide_LA_T_3583591.flac,1751.0812071756334,True
bonafide_LA_T_3530627.flac,1868.8422367338117,True
bonafide_LA_E_8295850.flac,1601.6913089828106,True
bonafide_LA_D_8340433.flac,1474.4908951896418,True
bonafide_LA_T_3586569.flac,1412.485375437215,True
bonafide_LA_E_7599448.flac,1434.333705951558,True
bonafide_LA_D_7596619.flac,1926.4552334117536,True
bonafide_LA_T_5696560.flac,1572.607039486574,True
bonafide_LA_T_6073470.flac,1501.725433891893,True
bonafide_LA_D_8538667.flac,1810.5128890059668,True
bonafide_LA_D_1590530.flac,2004.731846167967,True
bonafide_LA_E_7289071.flac,1529.3671528569837,True
bonafide_LA_T_3487529.flac,1536.3114897155976,True
bonafide_LA_T_8588034.flac,2152.782339164586,True
bonafide_LA_D_7460902.flac,1980.6994275313284,True
bonafide_LA_E_7047411.flac,1517.7309202197323,True
bonafide_LA_D_1595036.flac,1962.0289447621944,True
bonafide_LA_T_5691156.flac,1639.7689741820902,True
bonafide_LA_T_3491111.flac,1875.43032311885,True
bonafide_LA_T_8760338.flac,1547.28052149628,True
bonafide_LA_D_1469404.flac,1670.7060090880402,True
bonafide_LA_D_8432583.flac,1915.17064209674,True
bonafide_LA_T_8638376.flac,2239.2528127221613,True
bonafide_LA_T_5994708.flac,1925.9649479363563,True
bonafide_LA_T_8686549.flac,1805.534992085862,True
bonafide_LA_T_8758984.flac,1971.844853067301,True
bonafide_LA_T_3643681.flac,1756.9238476864905,True
bonafide_LA_D_7399617.flac,1784.1938900540074,True
bonafide_LA_T_5570263.flac,1750.670075729543,True
bonafide_LA_T_8880498.flac,1804.5484530556114,True
bonafide_LA_T_8898922.flac,1894.141742960252,True
bonafide_LA_T_8631342.flac,1708.6960501496603,True
bonafide_LA_T_5989009.flac,1983.263832197609,True
bonafide_LA_E_7058027.flac,1736.6840148114798,True
bonafide_LA_T_8857843.flac,1808.9069007950923,True
bonafide_LA_D_8565008.flac,1909.9013162326053,True
bonafide_LA_D_1644764.flac,1657.4576804806936,True
bonafide_LA_T_5795459.flac,1490.3258003199176,True
bonafide_LA_E_7605406.flac,1430.3778732977207,True
bonafide_LA_T_8562513.flac,2073.5475924138027,True
bonafide_LA_D_1764120.flac,1885.854922087001,True
bonafide_LA_D_7900736.flac,1473.4709376787155,True
bonafide_LA_E_7601805.flac,1847.9293247063658,True
bonafide_LA_T_8639228.flac,2163.123858276911,True
bonafide_LA_D_1710320.flac,1946.041296513789,True
bonafide_LA_D_1299580.flac,1850.282279033265,True
bonafide_LA_E_7167069.flac,1658.0038980263041,True
bonafide_LA_D_7455119.flac,1640.023532197374,True
bonafide_LA_D_8737588.flac,1905.2780470410053,True
bonafide_LA_T_3524074.flac,1529.6739775045821,True
bonafide_LA_T_3508559.flac,1912.8933245610015,True
bonafide_LA_T_5986630.flac,1921.3378148532204,True
bonafide_LA_E_9020394.flac,2060.5972474720297,True
bonafide_LA_T_5795707.flac,1835.2486261573324,True
bonafide_LA_E_7969621.flac,1660.898986640583,True
bonafide_LA_D_7525926.flac,1540.7283028726004,True
bonafide_LA_E_7944747.flac,1717.200849048091,True
bonafide_LA_D_1409575.flac,1504.4844679959701,True
bonafide_LA_D_1060968.flac,1619.6595009409532,True
bonafide_LA_E_8689459.flac,1958.979935833922,True
bonafide_LA_T_3527643.flac,1606.5783943984377,True
bonafide_LA_T_5879219.flac,1740.9193084495832,True
bonafide_LA_E_7028606.flac,1893.8773604788605,True
bonafide_LA_T_5755110.flac,1621.9235362007555,True
bonafide_LA_T_5872172.flac,1856.5539690885346,True
bonafide_LA_E_7977198.flac,1500.9775858288156,True
bonafide_LA_T_5805796.flac,1426.466808078627,True
bonafide_LA_D_1336215.flac,1426.9358667837819,True
bonafide_LA_T_8597023.flac,2119.8219533050874,True
bonafide_LA_D_1101351.flac,2115.9767026701393,True
bonafide_LA_E_8134538.flac,1891.4699131533387,True
bonafide_LA_E_7414271.flac,1599.8233354562442,True
bonafide_LA_T_5638559.flac,1905.3860547867132,True
bonafide_LA_T_5801784.flac,1943.9774662625257,True
bonafide_LA_T_5630619.flac,2034.7805407207577,True
bonafide_LA_T_3683196.flac,1893.2941922284758,True
bonafide_LA_D_2824820.flac,1633.139607374323,True
bonafide_LA_D_8464454.flac,2561.881581383373,True
bonafide_LA_T_3502941.flac,1454.9764536673708,True
bonafide_LA_D_1838386.flac,1621.0175195947963,True
bonafide_LA_E_7734896.flac,1982.1798418321634,True
bonafide_LA_T_3695441.flac,2041.4787343184644,True
bonafide_LA_E_7363256.flac,1395.4934761780808,True
bonafide_LA_T_8739453.flac,1782.3735987337384,True
bonafide_LA_T_5633732.flac,1561.2543752255815,True
bonafide_LA_D_8313453.flac,2224.8746739968183,True
bonafide_LA_D_7841911.flac,1852.4655428360231,True
bonafide_LA_T_6059767.flac,1424.6505532824629,True
bonafide_LA_D_8284994.flac,1604.5945134938322,True
bonafide_LA_D_1152692.flac,1645.8345389926862,True
bonafide_LA_T_8812445.flac,1771.4109553437097,True
bonafide_LA_E_7705713.flac,1913.6944031166322,True
bonafide_LA_D_7721618.flac,1821.3185979386892,True
bonafide_LA_E_7617702.flac,1612.8498966701613,True
bonafide_LA_E_7648787.flac,1603.3184254292717,True
bonafide_LA_D_7812459.flac,1919.0274726154453,True
bonafide_LA_D_7601268.flac,1722.6555205150853,True
bonafide_LA_T_5765844.flac,1709.4959137675553,True
bonafide_LA_D_8213223.flac,1824.498589589438,True
bonafide_LA_E_8412746.flac,1910.3139791989977,True
bonafide_LA_E_6959506.flac,1799.1960470630202,True
bonafide_LA_E_7105013.flac,1763.2121379549014,True
bonafide_LA_E_8391430.flac,1659.796886717277,True
bonafide_LA_T_3661578.flac,1883.0801594858933,True
bonafide_LA_D_7758918.flac,1964.8486067810811,True
bonafide_LA_D_7718050.flac,1833.0595823052913,True
bonafide_LA_T_8806097.flac,2240.7055666454426,True
bonafide_LA_T_5675574.flac,1717.0578401160317,True
bonafide_LA_T_3580523.flac,1864.8373568824081,True
bonafide_LA_D_1519237.flac,1769.5900548310708,True
bonafide_LA_E_9000858.flac,1824.0689061243527,True
bonafide_LA_E_8838884.flac,2142.6311102165178,True
bonafide_LA_D_7998237.flac,1784.5674688449342,True
bonafide_LA_E_8177958.flac,2140.477471685944,True
bonafide_LA_T_8533509.flac,1634.410317565679,True
bonafide_LA_E_9017208.flac,1832.7303147365687,True
bonafide_LA_D_7542569.flac,1658.598756640409,True
bonafide_LA_T_8714194.flac,1874.3080009711082,True
bonafide_LA_E_7650514.flac,1595.3396179444997,True
bonafide_LA_D_8232673.flac,1915.8764641393032,True
bonafide_LA_T_3499323.flac,1797.3263924692026,True
bonafide_LA_D_8726343.flac,1714.2039548566545,True
bonafide_LA_D_8621322.flac,1682.6461458821489,True
bonafide_LA_E_8579178.flac,1862.3216750989366,True
bonafide_LA_T_5782392.flac,1552.70224469441,True
bonafide_LA_E_8910600.flac,1744.3478772630501,True
bonafide_LA_D_7611990.flac,2007.1340591142164,True
bonafide_LA_E_7010243.flac,1569.2183642068005,True
bonafide_LA_E_8573294.flac,1619.1333210156718,True
bonafide_LA_T_5949193.flac,1758.2577871789276,True
bonafide_LA_E_7123823.flac,1836.2480144862827,True
bonafide_LA_E_6958235.flac,1889.6617685110452,True
bonafide_LA_E_6950677.flac,2106.3779300316755,True
bonafide_LA_E_7824929.flac,1756.8285082121533,True
bonafide_LA_D_8239123.flac,1835.9511388218853,True
bonafide_LA_T_8819900.flac,1711.3182647221674,True
bonafide_LA_E_8631864.flac,1520.3778757375567,True
bonafide_LA_E_7603920.flac,1890.6489418089877,True
bonafide_LA_D_8436641.flac,1464.3068534113215,True
bonafide_LA_T_5832791.flac,1671.069906894502,True
bonafide_LA_T_3551277.flac,1497.9455787526442,True
bonafide_LA_E_8085077.flac,1925.9838392783806,True
bonafide_LA_T_3579841.flac,1527.7338778687945,True
bonafide_LA_T_5712226.flac,1629.9710684976621,True
bonafide_LA_E_8118874.flac,1500.1696470292977,True
bonafide_LA_D_8197154.flac,1722.4789623842921,True
bonafide_LA_D_8705922.flac,1767.5860376831351,True
bonafide_LA_T_5791737.flac,1823.9915663584416,True
bonafide_LA_E_8923639.flac,1936.5035429521809,True
bonafide_LA_T_3561136.flac,2150.6791422538736,True
bonafide_LA_D_1086391.flac,1586.2853887144502,True
bonafide_LA_E_8217952.flac,1643.0679356392507,True
bonafide_LA_T_6017674.flac,1600.0918619569754,True
bonafide_LA_T_5613911.flac,1623.2616137332632,True
bonafide_LA_T_6078944.flac,1643.1236714703487,True
bonafide_LA_D_7573423.flac,1467.4936825980587,True
bonafide_LA_T_3517700.flac,1911.834316009093,True
bonafide_LA_D_7701126.flac,1938.0381665666976,True
bonafide_LA_E_7902329.flac,1642.1845409668813,True
bonafide_LA_E_6930614.flac,1921.5067705384245,True
bonafide_LA_D_8729758.flac,1819.2140572509934,True
bonafide_LA_T_8896720.flac,1668.0813426062853,True
bonafide_LA_E_7876927.flac,1315.1795186663246,True
bonafide_LA_D_2832141.flac,1664.6977965648086,True
bonafide_LA_D_1179848.flac,1745.5463686356993,True
bonafide_LA_E_8941099.flac,1885.3676815520514,True
bonafide_LA_T_5550327.flac,1440.3577875484373,True
bonafide_LA_T_5960681.flac,1669.8658290365945,True
bonafide_LA_E_7105936.flac,1559.3610736196385,True
bonafide_LA_T_6058143.flac,2032.489150192446,True
bonafide_LA_E_7709231.flac,1515.3859032330129,True
bonafide_LA_T_5890305.flac,1583.5421863572449,True
bonafide_LA_D_1716033.flac,2014.2027101432354,True
bonafide_LA_D_8277825.flac,1856.6336441622987,True
bonafide_LA_E_7450939.flac,2371.0772065858305,True
bonafide_LA_D_7570554.flac,1719.7496138887866,True
bonafide_LA_T_8700513.flac,2040.430516872796,True
bonafide_LA_E_7069760.flac,1875.0193097788551,True
bonafide_LA_D_1403371.flac,1799.2632472648559,True
bonafide_LA_T_5572362.flac,1584.5938401987748,True
bonafide_LA_E_8545900.flac,1832.2063195738097,True
bonafide_LA_E_7458138.flac,1392.5981168200833,True
bonafide_LA_T_5891808.flac,1605.9568866118368,True
bonafide_LA_D_8238051.flac,1838.8197462075798,True
bonafide_LA_D_1434598.flac,2086.4879584189985,True
bonafide_LA_E_7544214.flac,1713.5424443131062,True
bonafide_LA_T_8747149.flac,1694.1785037621078,True
bonafide_LA_E_7445431.flac,1676.601252347616,True
bonafide_LA_D_1121887.flac,1619.1336969494332,True
bonafide_LA_D_7901021.flac,1841.7928355913446,True
bonafide_LA_E_7721813.flac,1826.1700290385502,True
bonafide_LA_D_8179754.flac,1715.7885770838848,True
bonafide_LA_D_1705487.flac,2031.3466588443912,True
bonafide_LA_T_5759484.flac,1857.4162679489202,True
bonafide_LA_E_7359455.flac,1553.1365535125553,True
bonafide_LA_E_8383122.flac,1487.6684739618152,True
bonafide_LA_E_8274579.flac,1953.445924322194,True
bonafide_LA_D_1523483.flac,1562.014725093305,True
bonafide_LA_T_5949621.flac,1756.2829592185797,True
bonafide_LA_T_5625330.flac,1921.4955914582208,True
bonafide_LA_T_5715699.flac,2111.826977516959,True
bonafide_LA_E_7420190.flac,1601.8578708602497,True
bonafide_LA_T_8793633.flac,1759.9137230346032,True
bonafide_LA_E_8400717.flac,1572.0186715545033,True
bonafide_LA_E_8403814.flac,1929.3079289170544,True
bonafide_LA_D_1380231.flac,1545.504694793672,True
bonafide_LA_E_8231152.flac,1538.3591146487631,True
bonafide_LA_D_7400680.flac,1580.2230752306034,True
bonafide_LA_E_8031578.flac,1555.6377157653124,True
bonafide_LA_D_7787517.flac,1373.9868782102228,True
bonafide_LA_E_8117237.flac,1553.3126042232777,True
bonafide_LA_D_7543100.flac,1801.0634291611468,True
bonafide_LA_E_7634608.flac,1876.0423605973037,True
bonafide_LA_T_3570279.flac,1769.3672843707564,True
bonafide_LA_E_7017795.flac,2267.2026484300877,True
bonafide_LA_T_5937046.flac,1944.3672129649467,True
bonafide_LA_T_6017121.flac,1717.2380683899285,True
bonafide_LA_T_5611078.flac,1881.794834411567,True
bonafide_LA_D_8365194.flac,1917.0141109134483,True
bonafide_LA_D_1484973.flac,2053.7828113333594,True
bonafide_LA_T_6067965.flac,1868.130158106648,True
bonafide_LA_T_8695539.flac,1424.1453820922004,True
bonafide_LA_E_8168714.flac,1982.700478431869,True
bonafide_LA_D_2844885.flac,1719.4561132497267,True
bonafide_LA_T_6014366.flac,1442.0157378498207,True
bonafide_LA_D_8516589.flac,1504.5111018365785,True
bonafide_LA_D_8817568.flac,1821.8824511210112,True
bonafide_LA_D_1336221.flac,1620.7542422897172,True
bonafide_LA_E_8797106.flac,2116.57589956753,True
bonafide_LA_D_8814402.flac,1869.7434841655645,True
bonafide_LA_D_8522983.flac,1896.4657796087545,True
bonafide_LA_E_8881920.flac,1491.2239719675208,True
bonafide_LA_E_7340037.flac,1506.3002407350466,True
bonafide_LA_D_8806017.flac,1957.9747243726474,True
bonafide_LA_D_8289522.flac,1855.867190293059,True
bonafide_LA_T_8925956.flac,1664.5604415727314,True
bonafide_LA_D_1553644.flac,1812.7951556989406,True
bonafide_LA_E_7578678.flac,1961.3487774631337,True
bonafide_LA_D_8272605.flac,1447.9450729655193,True
bonafide_LA_E_8444421.flac,2156.811589236541,True
bonafide_LA_D_1204220.flac,2304.800117534456,True
bonafide_LA_E_8355453.flac,1514.2224888954936,True
bonafide_LA_E_9035219.flac,1655.767065876915,True
bonafide_LA_D_1376638.flac,1971.810928397223,True
bonafide_LA_E_7963188.flac,1606.4447528607327,True
bonafide_LA_D_8587105.flac,1487.9286112260322,True
bonafide_LA_T_8708087.flac,1864.4039048016975,True
bonafide_LA_E_8052268.flac,1606.9388838594932,True
bonafide_LA_E_8985734.flac,1575.594293493997,True
bonafide_LA_T_3690594.flac,1750.212105561645,True
bonafide_LA_D_7981085.flac,1977.1462158376391,True
bonafide_LA_D_8503024.flac,1473.4216457144835,True
bonafide_LA_D_7869886.flac,2066.322532211741,True
bonafide_LA_D_1775211.flac,1703.555814094244,True
bonafide_LA_D_8142373.flac,1889.3902068845764,True
bonafide_LA_E_8697084.flac,1803.9803621018632,True
bonafide_LA_T_3679258.flac,1613.5630718096327,True
bonafide_LA_T_6007335.flac,1980.6557929935004,True
bonafide_LA_T_6060006.flac,1809.8217315207496,True
bonafide_LA_D_1624385.flac,1881.6657862125855,True
bonafide_LA_D_1618135.flac,1992.003093410352,True
bonafide_LA_D_8792865.flac,1429.3785020608027,True
bonafide_LA_T_5592527.flac,1831.2134668672525,True
bonafide_LA_T_8893973.flac,1805.6946003259354,True
bonafide_LA_D_7451364.flac,2081.0573406356757,True
bonafide_LA_D_8679267.flac,1976.7567787731057,True
bonafide_LA_E_8395746.flac,2176.309102319734,True
bonafide_LA_D_1702465.flac,1468.3270407508865,True
bonafide_LA_D_1389698.flac,1602.4871955630217,True
bonafide_LA_E_9060552.flac,1759.4489715473894,True
bonafide_LA_T_5889565.flac,1500.0769090668932,True
bonafide_LA_T_6081990.flac,1901.181167617748,True
bonafide_LA_E_7682962.flac,1622.434652891937,True
bonafide_LA_D_7783288.flac,1707.4158859713427,True
bonafide_LA_D_8572375.flac,1845.5825336073765,True
bonafide_LA_T_8597829.flac,1642.902323688817,True
bonafide_LA_E_7180994.flac,1684.518719710286,True
bonafide_LA_E_7683608.flac,1661.1262011543524,True
bonafide_LA_D_1368280.flac,1601.641203976951,True
bonafide_LA_E_7500218.flac,1606.3026220543036,True
bonafide_LA_T_3565683.flac,1729.8411321115407,True
bonafide_LA_D_1500385.flac,1834.8341664292777,True
bonafide_LA_E_7781360.flac,1820.3061974123261,True
bonafide_LA_T_5785306.flac,2680.5666813021376,True
bonafide_LA_T_5846701.flac,1696.0745756607816,True
bonafide_LA_T_5596732.flac,1664.1373248943373,True
bonafide_LA_T_5535201.flac,1858.1571702876,True
bonafide_LA_E_8309251.flac,1610.2603520423281,True
bonafide_LA_E_8624596.flac,1694.0252415972025,True
bonafide_LA_T_5669661.flac,1777.130324552305,True
bonafide_LA_D_8814488.flac,1764.762908094632,True
bonafide_LA_D_1475288.flac,2152.659855827881,True
bonafide_LA_E_8458018.flac,1931.1076832881145,True
bonafide_LA_E_7418459.flac,1548.8008161965722,True
bonafide_LA_D_1047731.flac,1845.622044076324,True
bonafide_LA_T_6051402.flac,1499.768280741183,True
bonafide_LA_T_5799348.flac,1892.3828435891278,True
bonafide_LA_E_7482442.flac,1589.4847886793136,True
bonafide_LA_E_8261559.flac,1852.9296935965988,True
bonafide_LA_T_8751424.flac,1481.6689481672693,True
bonafide_LA_D_1306387.flac,1588.4405194679478,True
bonafide_LA_E_7352998.flac,1871.9626576600583,True
bonafide_LA_D_1219450.flac,1452.5543670858372,True
bonafide_LA_D_1049549.flac,1553.0134399380836,True
bonafide_LA_E_7623633.flac,1979.4804889886493,True
bonafide_LA_E_8962374.flac,1720.397387355453,True
bonafide_LA_T_8887502.flac,1533.721905041832,True
bonafide_LA_D_8087859.flac,1837.0551882838365,True
bonafide_LA_E_7604984.flac,1612.0459221927515,True
bonafide_LA_E_8165848.flac,1581.2005427931742,True
bonafide_LA_D_8681156.flac,1444.2347761327865,True
bonafide_LA_D_1438615.flac,1748.0916496823481,True
bonafide_LA_E_7867450.flac,1520.9631151922858,True
bonafide_LA_D_8103599.flac,1698.1758217573172,True
bonafide_LA_E_8190653.flac,1918.424915953685,True
bonafide_LA_E_8071923.flac,2243.3502034824637,True
bonafide_LA_T_8880327.flac,1902.6545810591565,True
bonafide_LA_T_5865772.flac,1729.601965979719,True
bonafide_LA_E_7483475.flac,1881.8719670354021,True
bonafide_LA_E_7150436.flac,1690.953543345877,True
bonafide_LA_D_1327255.flac,2062.959078567337,True
bonafide_LA_E_7722624.flac,1914.7649900261374,True
bonafide_LA_T_3610653.flac,1804.858202812254,True
bonafide_LA_D_1837988.flac,1828.072386253875,True
bonafide_LA_E_8551052.flac,1789.3201605013332,True
bonafide_LA_D_8765991.flac,1733.8830789619064,True
bonafide_LA_T_5702907.flac,1895.8431473630133,True
bonafide_LA_E_7999038.flac,1731.3717809724458,True
bonafide_LA_T_5824253.flac,1468.7640793517562,True
bonafide_LA_E_8956519.flac,1741.5051929738295,True
bonafide_LA_E_7642116.flac,1640.012469073072,True
bonafide_LA_T_5792324.flac,1921.135812447357,True
bonafide_LA_E_8293873.flac,1656.6615113117518,True
bonafide_LA_T_8657239.flac,1478.8407522745745,True
bonafide_LA_D_1494180.flac,1573.0042780462466,True
bonafide_LA_T_6073321.flac,1764.8900333810634,True
bonafide_LA_D_8473267.flac,2311.524103952177,True
bonafide_LA_E_7157910.flac,1665.3913210542871,True
bonafide_LA_T_5919047.flac,1567.7079300759815,True
bonafide_LA_D_8426461.flac,1772.364524249969,True
bonafide_LA_T_8747294.flac,2201.5214471219715,True
bonafide_LA_D_7682953.flac,1789.8919126687347,True
bonafide_LA_E_7367823.flac,2088.2652546282557,True
bonafide_LA_E_7234316.flac,1895.2984629354394,True
bonafide_LA_T_8702524.flac,1621.4667889198588,True
bonafide_LA_T_5525305.flac,1824.993886168242,True
bonafide_LA_T_8852458.flac,2023.9718115063772,True
bonafide_LA_E_7503758.flac,1655.896623760299,True
bonafide_LA_T_5954195.flac,1759.1944908647224,True
bonafide_LA_T_5719913.flac,1706.0298137430825,True
bonafide_LA_E_7583466.flac,1589.0012281427908,True
bonafide_LA_E_7412363.flac,1601.9979363520108,True
bonafide_LA_E_8942579.flac,1869.5142057586272,True
bonafide_LA_D_7813228.flac,2003.5473895430891,True
bonafide_LA_E_7061027.flac,1696.7563050468455,True
bonafide_LA_E_8601887.flac,1919.9268141916466,True
bonafide_LA_T_6049368.flac,1734.8326981743483,True
bonafide_LA_E_8234254.flac,2175.6076377943245,True
bonafide_LA_T_5765787.flac,1457.2527873514955,True
bonafide_LA_T_6015645.flac,2144.7685083554784,True
bonafide_LA_T_8780063.flac,1676.4283745746995,True
bonafide_LA_E_7256649.flac,1854.5853321739876,True
bonafide_LA_D_8498981.flac,1870.282069579202,True
bonafide_LA_E_8612647.flac,1565.0932353515097,True
bonafide_LA_T_8874328.flac,1867.0391630746574,True
bonafide_LA_D_1173765.flac,1584.897508569305,True
bonafide_LA_E_7218987.flac,1737.4155407330027,True
bonafide_LA_D_1112296.flac,2305.874582531384,True
bonafide_LA_E_7861904.flac,1955.4621924793971,True
bonafide_LA_E_8393035.flac,1367.9064607086395,True
bonafide_LA_D_7796753.flac,1765.8827182725224,True
bonafide_LA_T_8846765.flac,1739.9613640323919,True
bonafide_LA_D_7565232.flac,1782.3833047907567,True
bonafide_LA_E_9011334.flac,1795.927552553523,True
bonafide_LA_E_7091021.flac,1793.0825798753606,True
bonafide_LA_T_5866152.flac,1344.998656464718,True
bonafide_LA_E_8193046.flac,2152.6744221925173,True
bonafide_LA_T_8590705.flac,1715.8273422334446,True
bonafide_LA_T_5547883.flac,2174.2302477072176,True
bonafide_LA_T_5872241.flac,1738.5215812250888,True
bonafide_LA_T_5540761.flac,2108.4895688605393,True
bonafide_LA_E_7830324.flac,1848.4032637043074,True
bonafide_LA_E_8831839.flac,1435.8171511336088,True
bonafide_LA_D_8302640.flac,1601.0408800830166,True
bonafide_LA_T_8576608.flac,1798.4150054537959,True
bonafide_LA_T_6065241.flac,1780.3588133931553,True
bonafide_LA_D_8073490.flac,1735.4376402554262,True
bonafide_LA_E_7962347.flac,1808.5152530089358,True
bonafide_LA_T_8815396.flac,1466.7526276085362,True
bonafide_LA_D_7618557.flac,2078.5309293698306,True
bonafide_LA_D_1279882.flac,1878.3594814833193,True
bonafide_LA_D_7861052.flac,1497.7981221291207,True
bonafide_LA_D_8270902.flac,1804.540614527176,True
bonafide_LA_D_1607104.flac,1605.7725478459975,True
bonafide_LA_D_1614129.flac,1319.329846801275,True
bonafide_LA_T_3518487.flac,1665.9708662623207,True
bonafide_LA_D_8549144.flac,1574.4371718575785,True
bonafide_LA_T_8747878.flac,2374.446242264007,True
bonafide_LA_D_7450790.flac,1919.184984152622,True
bonafide_LA_E_8819473.flac,1832.3465872496363,True
bonafide_LA_D_8313645.flac,1787.0193837793931,True
bonafide_LA_D_8190929.flac,1295.541754657502,True
bonafide_LA_T_8543558.flac,1943.7995134261234,True
bonafide_LA_T_8922157.flac,1657.540154491987,True
bonafide_LA_E_8747385.flac,1648.1530474662047,True
bonafide_LA_E_8006424.flac,1677.0478775211686,True
bonafide_LA_E_7828205.flac,1876.5336522552698,True
bonafide_LA_D_1732752.flac,1917.8677442651376,True
bonafide_LA_D_1820875.flac,1986.1925240160879,True
bonafide_LA_E_8123735.flac,1761.1333711849056,True
bonafide_LA_E_8568506.flac,1712.7459188211308,True
bonafide_LA_D_8715858.flac,1659.813970057869,True
bonafide_LA_E_8598615.flac,1652.356332656361,True
bonafide_LA_T_8811170.flac,1477.7864110009289,True
bonafide_LA_T_3537526.flac,1273.6688074692258,True
bonafide_LA_E_7624044.flac,1816.5866424489648,True
bonafide_LA_T_3642186.flac,1978.2424011631513,True
bonafide_LA_D_1796445.flac,1671.1149825522675,True
bonafide_LA_E_8436175.flac,1750.892786740264,True
bonafide_LA_E_7427372.flac,1558.3653330656261,True
bonafide_LA_D_8161159.flac,1793.4640056547064,True
bonafide_LA_E_8351164.flac,1447.2078215071774,True
bonafide_LA_E_9026587.flac,1864.2269168565547,True
bonafide_LA_E_7387840.flac,1695.0299468819549,True
bonafide_LA_D_7546022.flac,1942.7367330712568,True
bonafide_LA_D_8238260.flac,1696.0533488766105,True
bonafide_LA_D_1218694.flac,1896.6965872293836,True
bonafide_LA_D_1323454.flac,1766.4450426522174,True
bonafide_LA_T_5900964.flac,1528.727919001995,True
bonafide_LA_T_8847275.flac,1775.5454511543592,True
bonafide_LA_T_5988636.flac,1827.4425468519366,True
bonafide_LA_E_8863893.flac,1684.5607339541257,True
bonafide_LA_D_8554979.flac,2081.3223346073423,True
bonafide_LA_T_5683238.flac,1937.7019587469763,True
bonafide_LA_T_5757722.flac,1484.0048546069995,True
bonafide_LA_E_7419210.flac,1734.369803754427,True
bonafide_LA_E_7570949.flac,1655.25283734299,True
bonafide_LA_T_3588899.flac,1704.5761470060934,True
bonafide_LA_T_3560086.flac,1215.2994073361474,True
bonafide_LA_E_8684257.flac,1670.5410292614654,True
bonafide_LA_E_8696873.flac,1731.1646639485732,True
bonafide_LA_T_5787857.flac,1898.6105484340485,True
bonafide_LA_T_8807017.flac,1613.3113497121353,True
bonafide_LA_D_2866947.flac,1678.2804491778088,True
bonafide_LA_T_5777819.flac,2099.2430219256257,True
bonafide_LA_T_5786461.flac,2022.0491180900272,True
bonafide_LA_D_8288732.flac,1730.4172061877919,True
bonafide_LA_T_8781605.flac,1516.012545064843,True
bonafide_LA_D_1472077.flac,1813.5981564851847,True
bonafide_LA_E_8783302.flac,1357.60876441185,True
bonafide_LA_D_8235144.flac,1715.3398620288544,True
bonafide_LA_E_8547733.flac,2100.55501038828,True
bonafide_LA_E_7681319.flac,1522.777106143771,True
bonafide_LA_E_8311656.flac,1782.9485715464048,True
bonafide_LA_D_7763180.flac,1955.2854447600407,True
bonafide_LA_T_3544504.flac,1892.0370251823028,True
bonafide_LA_E_8206599.flac,1762.0013841933542,True
bonafide_LA_T_3492130.flac,1590.6273279713632,True
bonafide_LA_T_5806851.flac,1454.6004296002297,True
bonafide_LA_E_8097112.flac,1732.4669285774464,True
bonafide_LA_E_7157028.flac,1488.6854077278258,True
bonafide_LA_E_8132591.flac,1658.6355802161465,True
bonafide_LA_E_8560414.flac,1565.681280547663,True
bonafide_LA_E_7205247.flac,1478.7008449013165,True
bonafide_LA_D_7887285.flac,2105.8683259083273,True
bonafide_LA_T_8914289.flac,1409.5685729637473,True
bonafide_LA_D_1459930.flac,1510.8627781735872,True
bonafide_LA_T_3659915.flac,1681.6297556448949,True
bonafide_LA_D_7570899.flac,2038.5097771253018,True
bonafide_LA_D_8163895.flac,1678.0891050521318,True
bonafide_LA_D_7560590.flac,1450.6591266334121,True
bonafide_LA_T_5968030.flac,1737.1745304374872,True
bonafide_LA_E_8078248.flac,1756.5507984398369,True
bonafide_LA_E_8231545.flac,2044.207139234614,True
bonafide_LA_D_8237075.flac,1878.2659721489952,True
bonafide_LA_T_8726287.flac,1802.2547002420754,True
bonafide_LA_T_5565624.flac,1732.4861074531977,True
bonafide_LA_E_7855756.flac,1682.2886725885226,True
bonafide_LA_E_8494368.flac,1783.3551123776006,True
bonafide_LA_T_3580508.flac,2078.6860199661787,True
bonafide_LA_D_1637250.flac,1981.0664707068443,True
bonafide_LA_T_6035510.flac,1727.5530271265734,True
bonafide_LA_D_7385359.flac,2071.4572850564996,True
bonafide_LA_E_8892267.flac,1833.390052352853,True
bonafide_LA_E_7803346.flac,1847.1104086133134,True
bonafide_LA_D_1562732.flac,1482.1215666932592,True
bonafide_LA_E_7342009.flac,1715.1607461961485,True
bonafide_LA_D_7433591.flac,2164.838102232899,True
bonafide_LA_D_8297100.flac,1623.3213983849755,True
bonafide_LA_T_8918938.flac,1582.0757960798996,True
bonafide_LA_E_8969012.flac,1613.0640598601867,True
bonafide_LA_E_7129184.flac,1806.573293989354,True
bonafide_LA_E_8859944.flac,1749.4890733280608,True
bonafide_LA_T_5616380.flac,1756.5196601082773,True
bonafide_LA_D_7451276.flac,1684.6681532248492,True
bonafide_LA_E_8083510.flac,1981.000777739058,True
bonafide_LA_T_8716901.flac,2130.5378127925237,True
bonafide_LA_D_8124968.flac,1970.7978406423265,True
bonafide_LA_E_7155077.flac,1592.4156054135944,True
bonafide_LA_E_8434174.flac,1499.5579958011247,True
bonafide_LA_D_1444916.flac,1581.9290705091441,True
bonafide_LA_T_8856169.flac,1832.9760881231682,True
bonafide_LA_D_8429827.flac,1707.9477078742923,True
bonafide_LA_D_7640990.flac,1728.8070508959713,True
bonafide_LA_T_3517928.flac,1774.2606250046426,True
bonafide_LA_D_7753521.flac,1664.400562216045,True
bonafide_LA_D_8419568.flac,1755.8605469448673,True
bonafide_LA_T_5800430.flac,1515.8997956763237,True
bonafide_LA_T_5600038.flac,1861.890166872654,True
bonafide_LA_D_2816765.flac,1543.9646683026115,True
bonafide_LA_D_7724772.flac,1937.677866893243,True
bonafide_LA_E_7947950.flac,1403.0358497163586,True
bonafide_LA_T_8814910.flac,1969.3550320185527,True
bonafide_LA_E_7094268.flac,1785.4800561558357,True
bonafide_LA_E_8652457.flac,2030.6268549414776,True
bonafide_LA_D_1686743.flac,1596.4982803768514,True
bonafide_LA_D_8037199.flac,1659.6016895952362,True
bonafide_LA_D_7679169.flac,1810.6574682215735,True
bonafide_LA_E_7164616.flac,1972.9235311355837,True
bonafide_LA_E_9019442.flac,1509.6826346009414,True
bonafide_LA_E_8140614.flac,1824.8307913456347,True
bonafide_LA_D_1355058.flac,1695.6325511140817,True
bonafide_LA_T_5724427.flac,1667.6944828041317,True
bonafide_LA_E_8981903.flac,1481.6314147009398,True
bonafide_LA_E_8858635.flac,1991.2887695811244,True
bonafide_LA_T_8778911.flac,1477.6310254924742,True
bonafide_LA_D_7730769.flac,1940.4822396005911,True
bonafide_LA_T_6045722.flac,1953.9670103910144,True
bonafide_LA_D_8492975.flac,1854.2037233473268,True
bonafide_LA_T_8854115.flac,1669.184713322018,True
bonafide_LA_T_5576506.flac,1718.4712541823078,True
bonafide_LA_D_7718079.flac,1875.5229287366058,True
bonafide_LA_E_8979645.flac,1698.8825560136,True
bonafide_LA_D_8089934.flac,1979.4978703384727,True
bonafide_LA_E_9017050.flac,1930.956614125681,True
bonafide_LA_T_8593946.flac,1822.8246133155196,True
bonafide_LA_D_1488449.flac,1726.8369104569297,True
bonafide_LA_D_7618637.flac,1561.9229155880803,True
bonafide_LA_T_8599305.flac,1931.0551593865334,True
bonafide_LA_E_7643037.flac,1961.827108805232,True
bonafide_LA_E_8448475.flac,1789.8945982522384,True
bonafide_LA_T_8925615.flac,1636.5175177421786,True
bonafide_LA_E_8282127.flac,1397.7398069428348,True
bonafide_LA_T_5521272.flac,2192.3844307822656,True
bonafide_LA_T_5973899.flac,1749.4559891448084,True
bonafide_LA_D_1340209.flac,1826.9502890752597,True
bonafide_LA_D_1097170.flac,1955.8363869933798,True
bonafide_LA_D_7790850.flac,1950.8028104638477,True
bonafide_LA_T_8919107.flac,1573.6240334272452,True
bonafide_LA_D_8577756.flac,1819.4926010592624,True
bonafide_LA_E_7542451.flac,2044.9062774525976,True
bonafide_LA_E_8958353.flac,1493.3130598377604,True
bonafide_LA_T_6005929.flac,1532.4402843739133,True
bonafide_LA_D_1789452.flac,1598.8808339556274,True
bonafide_LA_T_8651978.flac,1463.2438999891745,True
bonafide_LA_T_5837486.flac,1868.3882607147511,True
bonafide_LA_T_3545264.flac,1868.038395241633,True
bonafide_LA_E_7885522.flac,1692.6162936841677,True
bonafide_LA_E_8008613.flac,2083.1989120601834,True
bonafide_LA_T_3680444.flac,1796.0144020063349,True
bonafide_LA_T_5984686.flac,1790.6573018310971,True
bonafide_LA_D_7579918.flac,1710.3167667233104,True
bonafide_LA_D_7510202.flac,1705.9909101683784,True
bonafide_LA_T_8884269.flac,1761.4655751910545,True
bonafide_LA_D_1711559.flac,1596.9864637672435,True
bonafide_LA_D_7742504.flac,1757.2836533459863,True
bonafide_LA_T_3515602.flac,1432.391775998734,True
bonafide_LA_D_1758807.flac,1781.9410487167825,True
bonafide_LA_T_5535130.flac,1638.0672624295123,True
bonafide_LA_E_7948455.flac,1518.2982772443956,True
bonafide_LA_T_5934685.flac,2176.515124537475,True
bonafide_LA_T_3657309.flac,1767.8418909343916,True
bonafide_LA_E_8594684.flac,1982.731021893155,True
bonafide_LA_T_5544402.flac,1716.5017189741345,True
bonafide_LA_T_3517869.flac,1830.0130632804776,True
bonafide_LA_E_7304633.flac,1464.0185260019896,True
bonafide_LA_T_5913109.flac,1651.9454711128894,True
bonafide_LA_D_8118074.flac,1669.4796858340205,True
bonafide_LA_D_1317890.flac,1487.7730646708044,True
bonafide_LA_E_7377457.flac,1496.7371672520014,True
bonafide_LA_D_7731909.flac,1652.556946226509,True
bonafide_LA_E_8182325.flac,1789.6393485343665,True
bonafide_LA_E_7505944.flac,1640.7369453365284,True
bonafide_LA_D_1096053.flac,1547.6290482152701,True
bonafide_LA_E_7424040.flac,1892.9178980638646,True
bonafide_LA_D_8537448.flac,1709.9704243333372,True
bonafide_LA_E_8530507.flac,1651.4355314836648,True
bonafide_LA_D_8089175.flac,1813.5774202813384,True
bonafide_LA_D_1374363.flac,1515.39158824026,True
bonafide_LA_D_1199158.flac,2158.7968819216803,True
bonafide_LA_T_8683526.flac,1917.7029684711583,True
bonafide_LA_T_5896323.flac,1930.3836584258256,True
bonafide_LA_D_1365236.flac,1523.9934122638226,True
bonafide_LA_D_7439393.flac,2113.0480522772705,True
bonafide_LA_T_8589988.flac,1551.8472666061364,True
bonafide_LA_D_7745370.flac,1664.3904948398178,True
bonafide_LA_T_8651042.flac,1727.870344969449,True
bonafide_LA_T_8536928.flac,1626.3263005037031,True
bonafide_LA_E_7369290.flac,1557.6265639917458,True
bonafide_LA_E_6974963.flac,1898.0099946332973,True
bonafide_LA_E_7424196.flac,1372.7542475184696,True
bonafide_LA_D_1511694.flac,1676.6184284988772,True
bonafide_LA_D_8393123.flac,1942.0002371106305,True
bonafide_LA_E_9048004.flac,1509.1635741736484,True
bonafide_LA_E_8387973.flac,1570.8823668195512,True
bonafide_LA_D_8184939.flac,1966.5599080977724,True
bonafide_LA_T_6013298.flac,1934.9897528912709,True
bonafide_LA_E_8317307.flac,1711.5424946964956,True
bonafide_LA_D_7704954.flac,1590.4108360873727,True
bonafide_LA_E_7141490.flac,1516.9706939396053,True
bonafide_LA_E_7629534.flac,1827.6044312427182,True
bonafide_LA_E_7557617.flac,1887.4158773010138,True
bonafide_LA_T_8545885.flac,1632.3063345981695,True
bonafide_LA_T_8853344.flac,1816.4379310158547,True
bonafide_LA_D_1517076.flac,1733.6312613791981,True
bonafide_LA_E_7906249.flac,1744.5803128599005,True
bonafide_LA_D_8635476.flac,1941.2284743871396,True
bonafide_LA_D_1026868.flac,1647.0461745097184,True
bonafide_LA_E_8644189.flac,1963.2127063964804,True
bonafide_LA_T_5688847.flac,1756.202032404857,True
bonafide_LA_D_7534463.flac,1550.9450102070623,True
bonafide_LA_E_7720483.flac,1760.5235226791149,True
bonafide_LA_E_7080591.flac,1624.2955238641928,True
bonafide_LA_E_8471739.flac,1658.0189426265213,True
bonafide_LA_T_5772566.flac,1786.6695435609272,True
bonafide_LA_E_7433722.flac,1368.0204448125494,True
bonafide_LA_T_3505871.flac,2023.7911061775014,True
bonafide_LA_E_8596423.flac,1734.366676198267,True
bonafide_LA_T_8543938.flac,1858.13879589164,True
bonafide_LA_E_7862236.flac,1669.7254447534249,True
bonafide_LA_D_2819153.flac,2133.824221411038,True
bonafide_LA_T_5774498.flac,1765.4541218528102,True
bonafide_LA_D_8220866.flac,1377.2194140968859,True
bonafide_LA_E_7329908.flac,1751.0354443239303,True
bonafide_LA_T_5918833.flac,1597.2374726014273,True
bonafide_LA_T_3686789.flac,1749.6139285372894,True
bonafide_LA_D_8130173.flac,1774.3129955219858,True
bonafide_LA_D_1597752.flac,1818.5337729962678,True
bonafide_LA_D_7948554.flac,1512.5465053270045,True
bonafide_LA_E_8427463.flac,1880.1588827634087,True
bonafide_LA_T_8541274.flac,1892.5219682129457,True
bonafide_LA_D_7561369.flac,1634.3701038955512,True
bonafide_LA_D_8246056.flac,1993.2236193071026,True
bonafide_LA_D_7426346.flac,1660.3913038164867,True
bonafide_LA_E_7400718.flac,1507.2737184338368,True
bonafide_LA_T_5867902.flac,1751.6387417478688,True
bonafide_LA_D_2846692.flac,1843.1818116168615,True
bonafide_LA_E_7105640.flac,1414.7625997328948,True
bonafide_LA_T_8791339.flac,1504.3859313122102,True
bonafide_LA_T_5533183.flac,1817.203653495292,True
bonafide_LA_T_8849210.flac,1454.001422634549,True
bonafide_LA_E_8544944.flac,1769.6254857926253,True
bonafide_LA_E_7475060.flac,1838.301678809581,True
bonafide_LA_D_7590299.flac,1699.4843021174447,True
bonafide_LA_T_5585550.flac,1638.1725413002928,True
bonafide_LA_T_5637214.flac,1693.6682996169393,True
bonafide_LA_D_8671896.flac,2020.0734996461053,True
bonafide_LA_E_7252577.flac,1402.370102717319,True
bonafide_LA_D_7932604.flac,2372.1226712996654,True
bonafide_LA_D_2842063.flac,2032.2598004944664,True
bonafide_LA_T_8853276.flac,2172.5025964833762,True
bonafide_LA_T_3686008.flac,1790.4451504563933,True
bonafide_LA_T_6082136.flac,2264.7731381660337,True
bonafide_LA_E_8499614.flac,1746.745860469633,True
bonafide_LA_E_8316155.flac,1768.5433759078317,True
bonafide_LA_T_3533946.flac,2229.3995147423157,True
bonafide_LA_E_7826647.flac,2123.562645741651,True
bonafide_LA_E_8736554.flac,1445.3239192374103,True
bonafide_LA_T_3649480.flac,1782.2133923549388,True
bonafide_LA_E_8237320.flac,1785.4256532114184,True
bonafide_LA_T_5834325.flac,1840.5387797988635,True
bonafide_LA_E_8104208.flac,1462.1555079291595,True
bonafide_LA_E_6984077.flac,1619.937400344777,True
bonafide_LA_D_8600039.flac,1648.524750471623,True
bonafide_LA_E_7765212.flac,1800.334472193726,True
bonafide_LA_D_1399387.flac,1774.9405299522268,True
bonafide_LA_E_7464302.flac,1502.883009942636,True
bonafide_LA_D_8457325.flac,1650.388632131171,True
bonafide_LA_T_3505297.flac,1842.1416925965311,True
bonafide_LA_D_1773726.flac,1987.8073297157098,True
bonafide_LA_T_5831523.flac,1836.3023967875024,True
bonafide_LA_D_8037358.flac,1535.58002114858,True
bonafide_LA_T_5716018.flac,1691.9510843282726,True
bonafide_LA_T_5761909.flac,2048.7129234167405,True
bonafide_LA_E_7104932.flac,1541.6900024676224,True
bonafide_LA_T_6025945.flac,1308.1317303134626,True
bonafide_LA_E_7344119.flac,1742.194272674644,True
bonafide_LA_E_6936182.flac,1818.3398515280505,True
bonafide_LA_E_8921592.flac,1708.8599294499231,True
bonafide_LA_E_8106858.flac,1757.049812514629,True
bonafide_LA_T_3607190.flac,1476.6683131462667,True
bonafide_LA_D_7448272.flac,1598.3409980423949,True
bonafide_LA_E_7610239.flac,1947.7319197816196,True
bonafide_LA_E_8169597.flac,1760.5811464512394,True
bonafide_LA_D_1833136.flac,2116.378525165378,True
bonafide_LA_T_6069460.flac,1676.3507874293298,True
bonafide_LA_E_7328814.flac,2042.2125108619634,True
bonafide_LA_D_8767583.flac,1540.3233199347258,True
bonafide_LA_D_8241585.flac,1999.437801204113,True
bonafide_LA_D_7974536.flac,1500.0699233219423,True
bonafide_LA_E_6935365.flac,1704.7355494798292,True
bonafide_LA_E_7598520.flac,1872.8227244930063,True
bonafide_LA_D_1300558.flac,1485.7060705009849,True
bonafide_LA_T_5788985.flac,1592.822707753987,True
bonafide_LA_D_1056044.flac,1886.6247575988805,True
bonafide_LA_E_8892307.flac,1680.7364624720103,True
bonafide_LA_E_8989180.flac,1606.5339473748672,True
bonafide_LA_E_8134271.flac,2032.763937089962,True
spoof_LA_D_8962029.flac,1881.4718844165018,False
spoof_LA_E_5027015.flac,2246.0790249951388,False
spoof_LA_T_3526718.flac,1397.2283170648793,False
spoof_LA_T_3055700.flac,1682.2064871871175,False
spoof_LA_T_3102501.flac,1730.7224096485252,False
spoof_LA_D_7794451.flac,2143.4546713437885,False
spoof_LA_D_7789669.flac,2344.421501794526,False
spoof_LA_D_8736080.flac,1494.8933604422732,False
spoof_LA_D_9902676.flac,1381.4712601711426,False
spoof_LA_D_9008648.flac,2035.2046184959822,False
spoof_LA_E_5416168.flac,1737.769783898269,False
spoof_LA_T_3411067.flac,1905.3558009444957,False
spoof_LA_E_5717721.flac,1385.6508601728074,False
spoof_LA_E_6184826.flac,2137.8342499171795,False
spoof_LA_E_6348171.flac,2119.440508111189,False
spoof_LA_E_5641302.flac,2190.6696214426215,False
spoof_LA_E_6544366.flac,1762.6174808176918,False
spoof_LA_D_9239645.flac,1647.0271949853886,False
spoof_LA_D_8932992.flac,1487.4074774494684,False
spoof_LA_D_9765329.flac,1514.948352889162,False
spoof_LA_D_9951144.flac,1664.895938040337,False
spoof_LA_D_9247877.flac,1721.4360835175767,False
spoof_LA_E_5850625.flac,1521.8482746313205,False
spoof_LA_E_7067640.flac,2223.4372222384154,False
spoof_LA_T_3843593.flac,1671.843747525322,False
spoof_LA_E_6795859.flac,1566.4381688453752,False
spoof_LA_T_3917204.flac,1670.633606060736,False
spoof_LA_T_3137948.flac,1639.700381448714,False
spoof_LA_T_2927569.flac,1366.310748298208,False
spoof_LA_D_9523778.flac,1920.899741242162,False
spoof_LA_E_6598284.flac,1537.6377793753047,False
spoof_LA_D_9724900.flac,1713.4728419150688,False
spoof_LA_E_5349339.flac,1675.449998732116,False
spoof_LA_D_9321479.flac,1686.799310285134,False
spoof_LA_T_3662604.flac,1867.3982715654404,False
spoof_LA_D_7859058.flac,1610.756033888819,False
spoof_LA_D_9848213.flac,1964.454488275702,False
spoof_LA_D_8086419.flac,1508.3322757901499,False
spoof_LA_D_9965111.flac,2384.048504838903,False
spoof_LA_T_3693523.flac,1403.895334067326,False
spoof_LA_E_6199793.flac,1923.5602307788402,False
spoof_LA_E_4994475.flac,1759.3474373695008,False
spoof_LA_E_5676329.flac,2021.8453145569974,False
spoof_LA_D_9362885.flac,2146.7462794955864,False
spoof_LA_D_9829062.flac,1551.0238740419986,False
spoof_LA_T_3507015.flac,2591.245237725316,False
spoof_LA_E_5692564.flac,2133.190194746973,False
spoof_LA_D_9205865.flac,2186.856233895683,False
spoof_LA_T_2971373.flac,1658.0899897298707,False
spoof_LA_D_7977577.flac,2202.2596262487914,False
spoof_LA_D_8688469.flac,1828.4830012176365,False
spoof_LA_D_9132728.flac,1863.789256739633,False
spoof_LA_D_8703309.flac,2259.703093254179,False
spoof_LA_E_6262723.flac,1557.0319292923564,False
spoof_LA_T_3639692.flac,1927.6892467389644,False
spoof_LA_E_6957216.flac,1785.542432472153,False
spoof_LA_T_3624229.flac,1735.735276191755,False
spoof_LA_T_3420154.flac,1652.8387238324522,False
spoof_LA_T_3654277.flac,1877.7359438002727,False
spoof_LA_D_9965150.flac,1962.0877051958223,False
spoof_LA_T_3058507.flac,1813.924289947193,False
spoof_LA_T_3230250.flac,1625.8097135444739,False
spoof_LA_T_3115526.flac,1252.2116533622986,False
spoof_LA_T_3778920.flac,2027.0980222824367,False
spoof_LA_D_9079393.flac,1219.4796939616554,False
spoof_LA_D_8704829.flac,1821.677265481692,False
spoof_LA_E_5586639.flac,1860.80673700729,False
spoof_LA_D_8647244.flac,1706.425309480573,False
spoof_LA_E_6842224.flac,1422.5487858598542,False
spoof_LA_T_3909939.flac,1279.2577198682927,False
spoof_LA_E_6263439.flac,2333.444226422734,False
spoof_LA_D_8491201.flac,1560.5137808641518,False
spoof_LA_E_6277034.flac,2011.4318829629224,False
spoof_LA_T_3785674.flac,1887.0642207785238,False
spoof_LA_T_3303089.flac,1589.055241795197,False
spoof_LA_E_5577920.flac,2008.9116314365815,False
spoof_LA_E_5869474.flac,1722.3259021696085,False
spoof_LA_T_3501915.flac,1444.870223528773,False
spoof_LA_E_6877255.flac,2015.510981703841,False
spoof_LA_T_3544596.flac,1774.0004784382518,False
spoof_LA_T_3770267.flac,1633.388577418429,False
spoof_LA_T_3467377.flac,1674.9694354953695,False
spoof_LA_T_3180689.flac,1561.7648261862153,False
spoof_LA_D_7888867.flac,1615.1280789111402,False
spoof_LA_D_9095485.flac,1749.1601393009955,False
spoof_LA_T_3541079.flac,1491.8357239680736,False
spoof_LA_T_3286480.flac,1878.2991075042,False
spoof_LA_E_6861784.flac,2260.327997069789,False
spoof_LA_D_8161487.flac,1352.9427113252466,False
spoof_LA_T_3772113.flac,1829.2123965778846,False
spoof_LA_D_8111494.flac,1996.632262706678,False
spoof_LA_T_3357699.flac,2095.931978678118,False
spoof_LA_T_3921929.flac,1766.0307404274545,False
spoof_LA_T_3894358.flac,1451.144363466037,False
spoof_LA_T_3359404.flac,1474.339958880101,False
spoof_LA_T_3567534.flac,1497.8963774881722,False
spoof_LA_D_9259569.flac,2139.3595753225295,False
spoof_LA_T_3429014.flac,2065.5847221399104,False
spoof_LA_E_5664137.flac,2224.466560612874,False
spoof_LA_T_3911331.flac,1260.940090978313,False
spoof_LA_D_9774959.flac,1783.9217030672705,False
spoof_LA_E_5557519.flac,1801.005393982908,False
spoof_LA_E_6874545.flac,1501.8709690315982,False
spoof_LA_D_8381871.flac,1870.449997706182,False
spoof_LA_D_9449715.flac,1913.2935046675527,False
spoof_LA_T_3426654.flac,1524.796340936271,False
spoof_LA_E_6782184.flac,2303.3785270961394,False
spoof_LA_T_3575657.flac,1648.487093717002,False
spoof_LA_D_9159354.flac,1849.791130164978,False
spoof_LA_D_8826150.flac,1771.4358250354658,False
spoof_LA_E_5015083.flac,2091.921493828697,False
spoof_LA_D_7794484.flac,1807.0759266580349,False
spoof_LA_T_3816087.flac,1863.3717146666008,False
spoof_LA_E_5459325.flac,1498.2213331185044,False
spoof_LA_E_6130004.flac,1666.8813271151655,False
spoof_LA_E_5658959.flac,1731.4366084222297,False
spoof_LA_E_5794518.flac,2256.6630619892303,False
spoof_LA_D_8432736.flac,1762.9651129787526,False
spoof_LA_T_3056041.flac,1827.8767628157302,False
spoof_LA_E_4914121.flac,1705.3072467264747,False
spoof_LA_D_7796964.flac,1763.436608576686,False
spoof_LA_E_5655832.flac,2490.110434671699,False
spoof_LA_T_3140594.flac,1931.4634574449478,False
spoof_LA_D_9133128.flac,1668.4834497887657,False
spoof_LA_D_8191353.flac,1157.4708097445512,False
spoof_LA_D_9455460.flac,1538.760152587123,False
spoof_LA_T_3578728.flac,1375.1385943067326,False
spoof_LA_E_6094906.flac,1835.995149864604,False
spoof_LA_T_3869252.flac,1799.4114728256059,False
spoof_LA_D_9525819.flac,1482.3666265852135,False
spoof_LA_E_6059367.flac,1631.1569318134561,False
spoof_LA_T_3748937.flac,1604.8291718478076,False
spoof_LA_E_7130670.flac,1766.631529339669,False
spoof_LA_E_6404281.flac,1779.1784588029057,False
spoof_LA_D_8853078.flac,1814.8416454281808,False
spoof_LA_E_6096530.flac,1600.2960823222181,False
spoof_LA_E_6108317.flac,1483.3605180478264,False
spoof_LA_E_6802074.flac,2037.0838125651592,False
spoof_LA_E_5477523.flac,1606.6566892848384,False
spoof_LA_T_3747697.flac,1554.779129114234,False
spoof_LA_E_6374153.flac,1774.9777730221097,False
spoof_LA_T_3134223.flac,1568.4763414590068,False
spoof_LA_D_8258450.flac,1762.9340500264746,False
spoof_LA_E_6536056.flac,1690.3571384984514,False
spoof_LA_D_8738176.flac,1450.1255403333187,False
spoof_LA_E_5853080.flac,2104.4014891281718,False
spoof_LA_E_5667765.flac,2486.057230308434,False
spoof_LA_T_3658178.flac,2383.0040834079314,False
spoof_LA_T_3626827.flac,1914.278205597401,False
spoof_LA_T_3691951.flac,1436.8492424930591,False
spoof_LA_T_3226422.flac,1899.7480460301947,False
spoof_LA_D_9337409.flac,2371.226839176418,False
spoof_LA_D_8328201.flac,1824.304134508561,False
spoof_LA_D_9653036.flac,1313.1973197633552,False
spoof_LA_E_6189060.flac,1709.393494560156,False
spoof_LA_D_9816888.flac,1877.1696042029673,False
spoof_LA_E_5541086.flac,1568.6066158246842,False
spoof_LA_T_3015812.flac,1779.9268351048656,False
spoof_LA_T_3908268.flac,1725.0084471709245,False
spoof_LA_T_3666734.flac,1532.8741536054902,False
spoof_LA_T_2972020.flac,1913.4572345819765,False
spoof_LA_D_9146864.flac,2253.090444976832,False
spoof_LA_T_3781693.flac,1862.1200004992172,False
spoof_LA_T_2994343.flac,1431.3753891950605,False
spoof_LA_D_9976918.flac,1561.215328647631,False
spoof_LA_D_9878596.flac,1280.8475720320985,False
spoof_LA_D_7938162.flac,1376.179758189909,False
spoof_LA_E_6280755.flac,1752.3356272529065,False
spoof_LA_D_8612905.flac,1343.1466307222115,False
spoof_LA_D_8203374.flac,1781.9341098209868,False
spoof_LA_E_7074052.flac,1896.9020024251627,False
spoof_LA_T_3389485.flac,1606.037577335587,False
spoof_LA_T_2970763.flac,1993.4813301646352,False
spoof_LA_E_6396077.flac,1699.2134831904311,False
spoof_LA_T_3145657.flac,1817.174309976078,False
spoof_LA_E_6633622.flac,1234.6554525057606,False
spoof_LA_D_9378704.flac,1695.638250369722,False
spoof_LA_D_8824981.flac,1071.345181513153,False
spoof_LA_E_6082233.flac,2155.9824788384294,False
spoof_LA_E_5000578.flac,2114.862107227675,False
spoof_LA_D_8215903.flac,2001.7613611294448,False
spoof_LA_E_6279695.flac,2038.744196457617,False
spoof_LA_E_6302209.flac,1767.3863212953966,False
spoof_LA_D_8798373.flac,2045.8042428149108,False
spoof_LA_E_6980137.flac,2188.5133097387466,False
spoof_LA_D_8934774.flac,1568.3004474582763,False
spoof_LA_T_3902587.flac,1776.519719612822,False
spoof_LA_D_8848060.flac,2106.1036238211086,False
spoof_LA_E_5344494.flac,2149.0892524332253,False
spoof_LA_D_8373803.flac,1910.7768652052441,False
spoof_LA_T_3000865.flac,1787.4601830129104,False
spoof_LA_T_3756510.flac,1713.5873681271307,False
spoof_LA_E_5508617.flac,1552.6635433562,False
spoof_LA_D_8554608.flac,2006.4369780135808,False
spoof_LA_T_3319380.flac,1384.7251491021118,False
spoof_LA_D_9436760.flac,1376.235555743543,False
spoof_LA_T_2988649.flac,1183.615323091943,False
spoof_LA_D_9332785.flac,1535.0050892291604,False
spoof_LA_T_3606713.flac,1782.2123625986849,False
spoof_LA_D_9934703.flac,1825.6259481570776,False
spoof_LA_D_9678633.flac,1357.0001854393308,False
spoof_LA_E_6141933.flac,1710.0563287959308,False
spoof_LA_E_6306520.flac,1745.6878088258115,False
spoof_LA_E_5615084.flac,1723.3753853526325,False
spoof_LA_T_3654402.flac,1723.6689827737632,False
spoof_LA_E_6811579.flac,2288.684714154905,False
spoof_LA_T_3779852.flac,1534.4179166011315,False
spoof_LA_D_9619963.flac,1951.932432162938,False
spoof_LA_D_8619688.flac,1563.6792566449087,False
spoof_LA_E_5454200.flac,1998.8465623417665,False
spoof_LA_E_5212323.flac,1302.320475469048,False
spoof_LA_D_9254634.flac,1725.1959950541716,False
spoof_LA_T_3843316.flac,1709.3996348272365,False
spoof_LA_E_6588007.flac,1686.122056211668,False
spoof_LA_E_5341961.flac,1381.981597942426,False
spoof_LA_D_8477754.flac,1858.3262666774244,False
spoof_LA_E_5880592.flac,1642.8738289219805,False
spoof_LA_E_7121730.flac,1756.0977930326808,False
spoof_LA_T_3512960.flac,1531.6883146764185,False
spoof_LA_D_9753761.flac,2088.923850367692,False
spoof_LA_E_5781710.flac,1742.7721254854698,False
spoof_LA_D_8635185.flac,1602.2287774087783,False
spoof_LA_T_3267838.flac,2089.1582488404715,False
spoof_LA_E_5152024.flac,1924.0473075840146,False
spoof_LA_E_6175282.flac,1514.1525798670043,False
spoof_LA_T_3077720.flac,1893.1002548829838,False
spoof_LA_T_3920269.flac,1812.4006485689654,False
spoof_LA_D_8521403.flac,1975.9123019893057,False
spoof_LA_E_5761777.flac,1655.1484624354473,False
spoof_LA_T_3509610.flac,1632.2182869348599,False
spoof_LA_T_3185009.flac,1579.8556409148337,False
spoof_LA_T_3104689.flac,1277.2285571018833,False
spoof_LA_D_8862614.flac,1434.1551965835704,False
spoof_LA_T_3649183.flac,1683.322539179853,False
spoof_LA_T_3475723.flac,1503.2990515709525,False
spoof_LA_D_8832668.flac,1589.5768937578325,False
spoof_LA_T_3327129.flac,1846.6931185530077,False
spoof_LA_D_9204853.flac,1739.4964384776742,False
spoof_LA_T_3444009.flac,1724.9660404318824,False
spoof_LA_T_3376247.flac,2299.2609398173413,False
spoof_LA_D_9360638.flac,1560.3494184138074,False
spoof_LA_D_9478291.flac,1700.6859738503265,False
spoof_LA_T_2938542.flac,1447.7271196781815,False
spoof_LA_E_5153494.flac,1920.51029917588,False
spoof_LA_D_8777124.flac,1712.8986567824763,False
spoof_LA_D_8453540.flac,1420.2792221796064,False
spoof_LA_T_2958399.flac,1634.7479021630945,False
spoof_LA_E_5461088.flac,1926.7685178952504,False
spoof_LA_E_6069382.flac,1884.7235130901681,False
spoof_LA_E_6127484.flac,1357.547433135063,False
spoof_LA_E_6399750.flac,1982.3624056236597,False
spoof_LA_T_3236590.flac,1136.699267045548,False
spoof_LA_T_3206239.flac,1298.32881674729,False
spoof_LA_E_7128280.flac,1515.8671209678305,False
spoof_LA_T_3255828.flac,1736.3286328765116,False
spoof_LA_E_6347314.flac,1356.546322531885,False
spoof_LA_T_2949196.flac,1421.0064434782603,False
spoof_LA_D_8999079.flac,1656.2204491593604,False
spoof_LA_E_5279423.flac,1572.3619190679256,False
spoof_LA_T_3685216.flac,1771.3530857466355,False
spoof_LA_T_2991535.flac,1501.229347643677,False
spoof_LA_E_5654105.flac,1430.297002711952,False
spoof_LA_D_9636981.flac,1886.7191187501699,False
spoof_LA_T_3449287.flac,1418.1988093394834,False
spoof_LA_D_9120091.flac,1209.135546655329,False
spoof_LA_D_8854421.flac,1496.349805277664,False
spoof_LA_E_5251369.flac,1739.8609925209726,False
spoof_LA_T_3848559.flac,1620.1105011791542,False
spoof_LA_E_6315469.flac,1402.5627683391895,False
spoof_LA_E_5083901.flac,1792.2821046343465,False
spoof_LA_D_8116303.flac,2224.34127473308,False
spoof_LA_D_8108942.flac,1900.655007867036,False
spoof_LA_D_8408350.flac,1968.337173892674,False
spoof_LA_T_3867300.flac,1541.4718839172263,False
spoof_LA_E_5742482.flac,1876.325314503886,False
spoof_LA_E_5580107.flac,1846.0765016829355,False
spoof_LA_E_6107783.flac,2183.2907225072295,False
spoof_LA_D_8198366.flac,1706.0466511616007,False
spoof_LA_T_3457501.flac,1877.852578492547,False
spoof_LA_T_3434429.flac,2174.1125231949436,False
spoof_LA_D_8286400.flac,1676.166278190372,False
spoof_LA_E_5071751.flac,2854.7891105624453,False
spoof_LA_E_5646443.flac,1776.6576823662547,False
spoof_LA_T_3647945.flac,1126.8492927679708,False
spoof_LA_D_8140953.flac,1947.0223477715874,False
spoof_LA_T_3001685.flac,1797.2387788433966,False
spoof_LA_T_3593681.flac,1739.6539512490726,False
spoof_LA_D_8771091.flac,1548.6109448723819,False
spoof_LA_T_3884343.flac,1516.738272895715,False
spoof_LA_E_5044203.flac,1786.1445882029125,False
spoof_LA_E_5687814.flac,1554.7676514877196,False
spoof_LA_T_3549005.flac,1857.0105459517308,False
spoof_LA_T_3221197.flac,1781.570506674922,False
spoof_LA_D_7950260.flac,1646.4408890178327,False
spoof_LA_D_7891639.flac,1665.8351420421252,False
spoof_LA_T_3564769.flac,2053.608982196293,False
spoof_LA_T_3426633.flac,1799.9248995947603,False
spoof_LA_D_8365775.flac,1742.7392414270034,False
spoof_LA_E_5517617.flac,1736.1925632841496,False
spoof_LA_T_3829981.flac,1608.089469535242,False
spoof_LA_D_7778978.flac,1847.6697544594144,False
spoof_LA_T_3719438.flac,1628.9162956900043,False
spoof_LA_D_8615165.flac,1539.2911239234843,False
spoof_LA_T_3096056.flac,1521.512648290898,False
spoof_LA_E_6925140.flac,1500.990756881639,False
spoof_LA_D_9417739.flac,1733.3994861564786,False
spoof_LA_E_6940832.flac,2283.6934399413067,False
spoof_LA_T_3199187.flac,1951.4686329141948,False
spoof_LA_T_3256314.flac,1894.229973641927,False
spoof_LA_E_6110195.flac,1970.4742635591344,False
spoof_LA_D_9218689.flac,1651.2713015357579,False
spoof_LA_T_3897753.flac,2601.0851775203964,False
spoof_LA_T_3679612.flac,1648.3921514216115,False
spoof_LA_D_8207965.flac,1983.419005496821,False
spoof_LA_D_9663997.flac,1802.2729118513882,False
spoof_LA_D_9205244.flac,2316.7759290412205,False
spoof_LA_D_7854945.flac,2037.034085707821,False
spoof_LA_T_3808520.flac,2072.324184477998,False
spoof_LA_T_3863374.flac,1541.8690087683208,False
spoof_LA_E_6395435.flac,2032.2347939481622,False
spoof_LA_T_3723770.flac,1741.8272146555958,False
spoof_LA_D_8045813.flac,1904.261779732891,False
spoof_LA_D_9147825.flac,1829.1485833142478,False
spoof_LA_D_9567658.flac,1843.3996264790942,False
spoof_LA_E_5050950.flac,1815.6982595415443,False
spoof_LA_E_5253002.flac,1515.6048285321724,False
spoof_LA_E_6935297.flac,1877.8692046509682,False
spoof_LA_D_9641619.flac,1780.516043861387,False
spoof_LA_D_9551181.flac,1687.4537324109335,False
spoof_LA_T_3237145.flac,1725.0190701091587,False
spoof_LA_T_3494227.flac,1548.6587895638813,False
spoof_LA_D_9958640.flac,1524.389446000302,False
spoof_LA_T_3359966.flac,1893.4186958503808,False
spoof_LA_D_9289055.flac,1810.6167183931104,False
spoof_LA_T_3550057.flac,2049.8106268329984,False
spoof_LA_E_6339534.flac,1626.946134238087,False
spoof_LA_T_3570680.flac,1745.340889700005,False
spoof_LA_D_8982866.flac,1763.3994525424168,False
spoof_LA_E_5985276.flac,1679.9642326464543,False
spoof_LA_T_3591581.flac,1859.2382976421127,False
spoof_LA_E_5368576.flac,1616.5045164287149,False
spoof_LA_E_5259519.flac,1685.0797289730824,False
spoof_LA_T_3841028.flac,1865.2833373328556,False
spoof_LA_E_5307862.flac,1484.2796730885204,False
spoof_LA_T_3630592.flac,2136.7243595499326,False
spoof_LA_D_9174943.flac,1311.7041548667437,False
spoof_LA_E_5567276.flac,1763.0863050950547,False
spoof_LA_D_7766576.flac,1829.6368822334875,False
spoof_LA_E_6203424.flac,1651.527149893059,False
spoof_LA_E_5034315.flac,1590.5726882909887,False
spoof_LA_E_5174081.flac,1807.486016056218,False
spoof_LA_E_4898563.flac,1958.8817325957966,False
spoof_LA_E_6594449.flac,1436.296463988717,False
spoof_LA_E_5517660.flac,2013.083744222895,False
spoof_LA_D_8573686.flac,1406.6002205200284,False
spoof_LA_D_9912829.flac,1467.3930408044882,False
spoof_LA_D_9326600.flac,1357.9098582573215,False
spoof_LA_T_3398232.flac,1588.2674673467411,False
spoof_LA_E_6863757.flac,1830.9940752117084,False
spoof_LA_E_5188809.flac,1616.1943746027466,False
spoof_LA_D_8530159.flac,1366.4874526450235,False
spoof_LA_T_3544252.flac,1604.9411664834556,False
spoof_LA_E_5722352.flac,2067.4910527604025,False
spoof_LA_D_8846893.flac,1877.1493081653477,False
spoof_LA_D_9727400.flac,1655.895814123048,False
spoof_LA_D_8424724.flac,1464.173183844764,False
spoof_LA_E_7099261.flac,2240.155088124433,False
spoof_LA_D_9100251.flac,1814.020233587687,False
spoof_LA_E_4900947.flac,1488.0756702160174,False
spoof_LA_T_2936749.flac,2052.433149329418,False
spoof_LA_E_6689293.flac,1729.8516989958991,False
spoof_LA_T_3070603.flac,2400.9663215649707,False
spoof_LA_D_8444186.flac,1832.9649728128568,False
spoof_LA_T_3654243.flac,1584.8632079907404,False
spoof_LA_D_8872966.flac,2113.968980427556,False
spoof_LA_T_3178062.flac,1618.4484623598687,False
spoof_LA_D_7793474.flac,1298.7434912833946,False
spoof_LA_E_5522885.flac,1522.9412365522758,False
spoof_LA_T_3168464.flac,1987.2813223526464,False
spoof_LA_E_5065618.flac,2021.5039941523914,False
spoof_LA_E_6961845.flac,1762.8639137106059,False
spoof_LA_E_5519575.flac,2152.5004413789316,False
spoof_LA_D_9266332.flac,1761.0700352115323,False
spoof_LA_E_5958578.flac,1491.6590899446767,False
spoof_LA_D_8858217.flac,1804.8108886005537,False
spoof_LA_E_5726308.flac,1547.5071894355372,False
spoof_LA_T_3395200.flac,1961.659144962197,False
spoof_LA_E_5631315.flac,2059.5128677041525,False
spoof_LA_D_9290458.flac,2043.7399443170539,False
spoof_LA_T_3702326.flac,1721.355618141225,False
spoof_LA_T_3463105.flac,1264.302892870096,False
spoof_LA_T_3366076.flac,1770.5338181496888,False
spoof_LA_E_5521977.flac,1648.9566042788115,False
spoof_LA_T_3622175.flac,1695.0918852170194,False
spoof_LA_T_3707068.flac,1894.485541452379,False
spoof_LA_D_8361609.flac,2124.888498856558,False
spoof_LA_E_5373083.flac,1407.1598666402208,False
spoof_LA_D_7940727.flac,1415.2399108767668,False
spoof_LA_D_9487464.flac,1701.9654331417107,False
spoof_LA_E_5776487.flac,1617.198031066686,False
spoof_LA_E_4974333.flac,1701.5946445703098,False
spoof_LA_T_3190556.flac,1552.0000641919353,False
spoof_LA_E_6407971.flac,2138.794240347493,False
spoof_LA_D_9906845.flac,1779.255874819941,False
spoof_LA_T_3307036.flac,1473.959776216765,False
spoof_LA_T_3211664.flac,1896.170798125194,False
spoof_LA_E_6256556.flac,1400.2968220429889,False
spoof_LA_D_9159130.flac,1792.5198043309788,False
spoof_LA_D_8529268.flac,1642.1112661777995,False
spoof_LA_T_3279709.flac,1322.1985139864858,False
spoof_LA_E_6929728.flac,1367.6356236059535,False
spoof_LA_T_3127231.flac,2008.9878994149067,False
spoof_LA_D_9184356.flac,1409.5162322070005,False
spoof_LA_D_9403264.flac,1772.5755568573768,False
spoof_LA_E_6342127.flac,1516.9641760651111,False
spoof_LA_D_8545409.flac,1722.2340662086713,False
spoof_LA_E_5529117.flac,1496.2029479188784,False
spoof_LA_T_3819703.flac,1648.7013314888018,False
spoof_LA_E_5633538.flac,1860.2824809960644,False
spoof_LA_D_7874809.flac,2112.759643277775,False
spoof_LA_D_9039340.flac,1783.9652315839407,False
spoof_LA_D_8601811.flac,1407.343038443191,False
spoof_LA_D_7826067.flac,1799.2743692323334,False
spoof_LA_T_3044859.flac,1952.6470972579057,False
spoof_LA_T_3747538.flac,2036.1767000121945,False
spoof_LA_E_6936336.flac,1990.1661326239403,False
spoof_LA_T_3824956.flac,1672.3300208474275,False
spoof_LA_E_5804114.flac,2154.423652693525,False
spoof_LA_E_6032232.flac,1713.6958260735046,False
spoof_LA_E_5122092.flac,1343.1682405206905,False
spoof_LA_D_7774318.flac,1837.4114494586586,False
spoof_LA_E_6264645.flac,1717.5909500355258,False
spoof_LA_D_9044901.flac,1803.9386352259914,False
spoof_LA_T_3104807.flac,1024.9001499150486,False
spoof_LA_E_5991939.flac,1839.4856764461751,False
spoof_LA_D_8476350.flac,1581.5450012283636,False
spoof_LA_E_6189035.flac,1335.8498040168658,False
spoof_LA_E_5372739.flac,1546.3447411654256,False
spoof_LA_E_5286999.flac,1813.8127807198177,False
spoof_LA_T_3507382.flac,1848.4624139062573,False
spoof_LA_T_3891540.flac,1792.304962922095,False
spoof_LA_T_2989681.flac,1869.04995650483,False
spoof_LA_E_5802501.flac,1626.057108139281,False
spoof_LA_D_9928764.flac,1726.046599519289,False
spoof_LA_T_3022593.flac,1884.81068611749,False
spoof_LA_E_5203261.flac,1801.6898470038145,False
spoof_LA_T_3555247.flac,1592.0173411765431,False
spoof_LA_T_3090165.flac,1432.5419605838936,False
spoof_LA_T_3706452.flac,1624.4459215095203,False
spoof_LA_D_9301014.flac,1722.873072517749,False
spoof_LA_T_3490050.flac,1334.594457184644,False
spoof_LA_E_6949838.flac,1958.343863351249,False
spoof_LA_E_5940093.flac,1670.3675177809487,False
spoof_LA_T_3904124.flac,1564.7471423311522,False
spoof_LA_E_5000653.flac,1781.6585768472826,False
spoof_LA_T_3215796.flac,1708.8070725889947,False
spoof_LA_E_5081320.flac,1927.270024244226,False
spoof_LA_E_6147045.flac,1784.5752382673775,False
spoof_LA_D_7885495.flac,1611.5379298296123,False
spoof_LA_D_9735877.flac,1884.723679845144,False
spoof_LA_D_8582702.flac,1502.896342965921,False
spoof_LA_E_6987590.flac,1607.087344884044,False
spoof_LA_D_9005051.flac,1928.8765839887847,False
spoof_LA_D_9178120.flac,1632.4216705298454,False
spoof_LA_E_5806450.flac,1641.0870878528203,False
spoof_LA_D_8798580.flac,1343.3680183155275,False
spoof_LA_D_8296972.flac,1478.9998100795567,False
spoof_LA_T_3010192.flac,2096.62754269871,False
spoof_LA_T_2938056.flac,1386.651186109745,False
spoof_LA_T_3532839.flac,1506.315475183959,False
spoof_LA_E_6958508.flac,1597.4035746598092,False
spoof_LA_D_9039631.flac,1771.2789082533752,False
spoof_LA_D_7949260.flac,1491.0317080935683,False
spoof_LA_D_8844856.flac,1424.9100405002423,False
spoof_LA_T_3324120.flac,1670.1135962760477,False
spoof_LA_T_3333752.flac,2059.4031376275325,False
spoof_LA_D_8529541.flac,1418.0130931774504,False
spoof_LA_E_5611914.flac,1540.079943184661,False
spoof_LA_E_7034480.flac,1537.3205486247218,False
spoof_LA_E_6458668.flac,2230.0833417072045,False
spoof_LA_E_5268937.flac,1433.628907901683,False
spoof_LA_T_3630477.flac,1510.2512695389041,False
spoof_LA_D_9620080.flac,1941.10757061941,False
spoof_LA_T_3382204.flac,1861.2199261510282,False
spoof_LA_D_9126962.flac,1998.5976180116686,False
spoof_LA_E_6468004.flac,2403.066773884806,False
spoof_LA_T_2928266.flac,1696.4037721173238,False
spoof_LA_E_6571275.flac,1769.2573798380115,False
spoof_LA_D_8867270.flac,2195.0680131706945,False
spoof_LA_T_3809665.flac,1352.1414524597953,False
spoof_LA_T_3322867.flac,1682.7880439035764,False
spoof_LA_E_7003498.flac,1636.318052216426,False
spoof_LA_D_9911701.flac,1998.0175838529356,False
spoof_LA_T_3251643.flac,1538.6306515691945,False
spoof_LA_T_3323910.flac,1918.9474865679074,False
spoof_LA_T_3541316.flac,1306.0825571343225,False
spoof_LA_E_5441895.flac,2180.57199267222,False
spoof_LA_D_8035288.flac,2330.5930530879546,False
spoof_LA_T_3910995.flac,1924.4333739323922,False
spoof_LA_T_3752351.flac,1990.4536259862189,False
spoof_LA_T_2968212.flac,2005.1555200461933,False
spoof_LA_D_9683064.flac,2178.2381213748536,False
spoof_LA_D_8061900.flac,1769.9347712943586,False
spoof_LA_E_6715422.flac,1835.518739024294,False
spoof_LA_E_5009854.flac,1464.6648063318805,False
spoof_LA_D_7863446.flac,1733.6039979303928,False
spoof_LA_D_8377469.flac,1703.5507079336053,False
spoof_LA_T_3386033.flac,1690.4436090423667,False
spoof_LA_E_5974462.flac,1924.8669880027487,False
spoof_LA_E_6389418.flac,1794.013390390297,False
spoof_LA_D_9162715.flac,1878.3017549162507,False
spoof_LA_D_8609922.flac,2423.719734663558,False
spoof_LA_D_8678410.flac,1524.9214234171327,False
spoof_LA_D_9695805.flac,1252.4492619401692,False
spoof_LA_E_6820202.flac,1507.040525968272,False
spoof_LA_T_3079420.flac,1627.5915791828113,False
spoof_LA_E_5181829.flac,2465.5577509502677,False
spoof_LA_E_5680046.flac,1319.6776075218024,False
spoof_LA_D_7766160.flac,1812.6653446201856,False
spoof_LA_T_3747855.flac,1902.7901326784995,False
spoof_LA_D_8285541.flac,2261.275600863705,False
spoof_LA_E_4913097.flac,1776.168612066074,False
spoof_LA_E_5802003.flac,2141.960617922116,False
spoof_LA_T_3887076.flac,2175.156511453223,False
spoof_LA_D_7809381.flac,1763.9926760984035,False
spoof_LA_E_5354858.flac,1687.8083395916924,False
spoof_LA_E_5737725.flac,1622.9459689163596,False
spoof_LA_D_9454983.flac,1193.820203770648,False
spoof_LA_T_2999936.flac,1552.8936772037057,False
spoof_LA_T_3327888.flac,1786.3217786756593,False
spoof_LA_T_3667645.flac,1866.0426631742098,False
spoof_LA_T_3702484.flac,1773.2189792131517,False
spoof_LA_D_9059202.flac,1714.2254832704357,False
spoof_LA_T_2928324.flac,1463.6273958014297,False
spoof_LA_E_5789026.flac,1745.3925560610146,False
spoof_LA_D_8379637.flac,2037.6987868442734,False
spoof_LA_T_3369291.flac,1828.237318422148,False
spoof_LA_E_6716788.flac,1693.0882049133547,False
spoof_LA_D_9670204.flac,2092.602571350785,False
spoof_LA_E_6990240.flac,1823.2419093847564,False
spoof_LA_E_6024354.flac,1964.6254196863379,False
spoof_LA_T_3817314.flac,1908.2472836050222,False
spoof_LA_T_3236371.flac,1516.3974054216098,False
spoof_LA_D_9400211.flac,1536.3241902905133,False
spoof_LA_D_8003982.flac,1437.8035272447767,False
spoof_LA_T_3501102.flac,1933.1278571752043,False
spoof_LA_T_3329278.flac,1730.968279377678,False
spoof_LA_T_3437696.flac,1576.2882537810044,False
spoof_LA_T_2942389.flac,1782.807039824549,False
spoof_LA_D_9835323.flac,1763.0879283514491,False
spoof_LA_T_3774356.flac,1590.8274304164104,False
spoof_LA_T_3141211.flac,1253.7289066372289,False
spoof_LA_D_8460539.flac,2048.8198456047526,False
spoof_LA_T_3771957.flac,1414.6992203757097,False
spoof_LA_D_9498512.flac,1523.919690324473,False
spoof_LA_D_8091742.flac,1834.1873512974992,False
spoof_LA_E_5947364.flac,1472.8987338206136,False
spoof_LA_E_5881834.flac,2086.944424793595,False
spoof_LA_T_3909077.flac,1542.181777933269,False
spoof_LA_E_6412514.flac,2247.3313695133133,False
spoof_LA_D_9849984.flac,1894.298581185061,False
spoof_LA_T_3213729.flac,1584.6224447421596,False
spoof_LA_D_8434044.flac,1621.7129187631867,False
spoof_LA_D_8228955.flac,1612.7972417461428,False
spoof_LA_D_8699272.flac,1682.5707424185318,False
spoof_LA_T_3933288.flac,1668.6891177255397,False
spoof_LA_T_3077161.flac,1527.0327205418782,False
spoof_LA_E_5259581.flac,1516.3777743049297,False
spoof_LA_E_5124092.flac,1189.6046221114416,False
spoof_LA_E_6358761.flac,1831.0319404955803,False
spoof_LA_E_4967343.flac,1460.863892271624,False
spoof_LA_D_8688676.flac,1412.8062748513244,False
spoof_LA_E_5647557.flac,1704.45316374808,False
spoof_LA_E_5210457.flac,1534.3193454332238,False
spoof_LA_D_8333653.flac,1685.091602749844,False
spoof_LA_T_3715800.flac,2111.475995896213,False
spoof_LA_E_5863468.flac,1871.5524807867614,False
spoof_LA_E_5294211.flac,2253.0022107175646,False
spoof_LA_E_5100025.flac,2641.063653759621,False
spoof_LA_E_5707367.flac,2190.975373114345,False
spoof_LA_D_9295289.flac,1378.5612732800523,False
spoof_LA_T_3257878.flac,1354.6425299734146,False
spoof_LA_E_6917841.flac,2009.776048537478,False
spoof_LA_D_8398091.flac,1862.9742522280692,False
spoof_LA_D_9561723.flac,1493.8799679170793,False
spoof_LA_E_6998430.flac,1680.0962677318682,False
spoof_LA_D_8720499.flac,2093.3077151496905,False
spoof_LA_T_3633528.flac,1906.7458724731664,False
spoof_LA_D_8133720.flac,1448.9789576403637,False
spoof_LA_E_6809826.flac,1835.948117858706,False
spoof_LA_E_7019507.flac,1473.8342654156954,False
spoof_LA_E_7128517.flac,1232.8753753120423,False
spoof_LA_D_8240404.flac,1402.1011028164805,False
spoof_LA_E_7043918.flac,1669.7269510046094,False
spoof_LA_D_9982261.flac,1687.1748276258481,False
spoof_LA_D_8306822.flac,1853.0409321433945,False
spoof_LA_E_5726992.flac,2121.7137924707345,False
spoof_LA_T_3369088.flac,2024.2586044099044,False
spoof_LA_T_2938111.flac,1504.4148815671442,False
spoof_LA_T_3022880.flac,1788.783611093715,False
spoof_LA_D_9362528.flac,1846.694337821024,False
spoof_LA_T_3107719.flac,1675.353415331485,False
spoof_LA_E_6943688.flac,1754.2722195940094,False
spoof_LA_D_9502397.flac,1774.9802682363415,False
spoof_LA_T_3244537.flac,1604.9317560050488,False
spoof_LA_E_6727037.flac,1841.2099645549492,False
spoof_LA_T_3801576.flac,1533.0308920562788,False
spoof_LA_D_8582499.flac,1907.1981253547817,False
spoof_LA_D_9892838.flac,1901.2914847788131,False
spoof_LA_E_4895142.flac,1449.017294553923,False
spoof_LA_T_3686022.flac,1773.198758983608,False
spoof_LA_T_3399195.flac,1585.5509497119544,False
spoof_LA_D_8157473.flac,1792.288238516729,False
spoof_LA_T_3053396.flac,1229.129750753187,False
spoof_LA_E_6686618.flac,1689.5810259426314,False
spoof_LA_D_9616611.flac,1641.3803535897932,False
spoof_LA_T_3589830.flac,1484.5534327748496,False
spoof_LA_D_9643882.flac,1848.4825768529754,False
spoof_LA_E_6826558.flac,1626.8371806416426,False
spoof_LA_E_6398521.flac,1454.1648396982393,False
spoof_LA_T_3130884.flac,1633.878879044125,False
spoof_LA_E_5414129.flac,1413.3168052225858,False
spoof_LA_E_5758414.flac,1868.8332982343666,False
spoof_LA_T_3100220.flac,1327.899766553767,False
spoof_LA_E_5516441.flac,1312.9507179719699,False
spoof_LA_E_6387860.flac,1872.1877305513747,False
spoof_LA_E_4966778.flac,1767.6791387780463,False
spoof_LA_D_9305654.flac,1280.2083068757347,False
spoof_LA_D_8626728.flac,1907.015893943148,False
spoof_LA_D_9923905.flac,1496.529939388551,False
spoof_LA_T_2927808.flac,2060.7849292469523,False
spoof_LA_E_5747065.flac,1688.0888492571826,False
spoof_LA_T_3027064.flac,1844.5100437656606,False
spoof_LA_E_5317098.flac,1668.444447517151,False
spoof_LA_D_9323818.flac,1966.7818996252133,False
spoof_LA_T_3779988.flac,1768.8010449274277,False
spoof_LA_D_7993138.flac,1895.655639181724,False
spoof_LA_D_9323962.flac,1419.037172854098,False
spoof_LA_E_5954406.flac,1335.8927943472136,False
spoof_LA_T_3356816.flac,1789.7221526976286,False
spoof_LA_D_8181392.flac,1769.926748450543,False
spoof_LA_T_3733163.flac,1951.2586191990952,False
spoof_LA_D_9486780.flac,1771.5939710669936,False
spoof_LA_D_9022425.flac,1898.415219934968,False
spoof_LA_T_3741646.flac,1307.5367049259587,False
spoof_LA_E_6403844.flac,1764.5996206642471,False
spoof_LA_T_3263231.flac,1940.1411174159455,False
spoof_LA_T_3506181.flac,2418.80709568863,False
spoof_LA_T_3625716.flac,1535.8590681308265,False
spoof_LA_D_7961571.flac,1472.6666077130396,False
spoof_LA_D_7798691.flac,1787.1818734642186,False
spoof_LA_D_9165269.flac,1602.736115186111,False
spoof_LA_E_5233371.flac,1346.1042742347845,False
spoof_LA_E_5262305.flac,2240.8765180146443,False
spoof_LA_E_6572731.flac,1925.9786672758364,False
spoof_LA_E_6918400.flac,1784.342801283326,False
spoof_LA_D_7908893.flac,1629.1589351941925,False
spoof_LA_E_6998033.flac,1744.7685559716042,False
spoof_LA_T_2985420.flac,1618.7329476826824,False
spoof_LA_T_3936692.flac,1750.2072968231996,False
spoof_LA_T_3397783.flac,1722.9031763785079,False
spoof_LA_D_8682472.flac,1816.8631924210836,False
spoof_LA_T_3263799.flac,1227.8842183311763,False
spoof_LA_T_2977640.flac,1174.5066771086001,False
spoof_LA_D_8213352.flac,1889.002791691266,False
spoof_LA_D_7952081.flac,1812.6112438401383,False
spoof_LA_T_3707173.flac,1357.468441034745,False
spoof_LA_E_6808570.flac,1982.738137668758,False
spoof_LA_T_3652205.flac,1399.5550721515842,False
spoof_LA_E_6186245.flac,2121.4333589359935,False
spoof_LA_D_9237935.flac,1215.6413212988205,False
spoof_LA_D_7931644.flac,2070.4635712435183,False
spoof_LA_D_8689583.flac,2045.7899916702547,False
spoof_LA_D_9132830.flac,1739.513850506163,False
spoof_LA_D_9238626.flac,1365.6249694531705,False
spoof_LA_E_6252866.flac,1588.8505105573827,False
spoof_LA_E_5040334.flac,2225.4186040398877,False
spoof_LA_E_6103397.flac,2378.8225466740814,False
spoof_LA_T_3433376.flac,1768.764129682504,False
spoof_LA_D_8432132.flac,1320.71352957983,False
spoof_LA_D_8087903.flac,1766.151638756094,False
spoof_LA_T_2986466.flac,2021.308421580837,False
spoof_LA_T_3460737.flac,1753.836916671191,False
spoof_LA_T_3639417.flac,1656.038475947717,False
spoof_LA_T_3024677.flac,1409.988832415495,False
spoof_LA_E_5576419.flac,1917.8555546746743,False
spoof_LA_T_3460794.flac,1383.8190842868032,False
spoof_LA_E_6086117.flac,1694.5280581969373,False
spoof_LA_E_5690807.flac,2039.0046013847402,False
spoof_LA_D_9990640.flac,2099.0578252463447,False
spoof_LA_T_3464928.flac,1603.5496379201782,False
spoof_LA_D_8063205.flac,1652.0188109625258,False
spoof_LA_D_7840753.flac,1602.8540436756489,False
spoof_LA_E_6166148.flac,1742.7718007114293,False
spoof_LA_E_5050010.flac,1614.966602285522,False
spoof_LA_E_6234470.flac,1961.1753148573018,False
spoof_LA_T_2994267.flac,1544.9334026425843,False
spoof_LA_E_6337871.flac,1443.20224556225,False
spoof_LA_E_5945019.flac,1563.011928991554,False
spoof_LA_D_9323786.flac,1609.3275428191057,False
spoof_LA_D_9715643.flac,2002.9373342037195,False
spoof_LA_E_5906345.flac,902.8745267408148,False
spoof_LA_E_6470953.flac,1741.8110222133796,False
spoof_LA_D_9036300.flac,1598.3058428627826,False
spoof_LA_E_5309654.flac,1764.153912870277,False
spoof_LA_E_4953594.flac,1689.510058884351,False
spoof_LA_D_9936972.flac,974.2601702920819,False
spoof_LA_D_8213309.flac,1779.4988824714374,False
spoof_LA_T_3763232.flac,2227.99939262775,False
spoof_LA_E_5252915.flac,2069.8687391453864,False
spoof_LA_D_8115137.flac,1807.9922128790822,False
spoof_LA_D_8466822.flac,1986.1391801122052,False
spoof_LA_D_9014425.flac,1507.2234954691955,False
spoof_LA_T_3180025.flac,1969.537921812121,False
spoof_LA_D_8077746.flac,2414.1831828183076,False
spoof_LA_E_5860169.flac,1389.5628844206717,False
spoof_LA_E_5267168.flac,1946.9778409111068,False
spoof_LA_E_5205428.flac,1529.624681729158,False
spoof_LA_T_3892421.flac,1721.4613777358852,False
spoof_LA_E_5812394.flac,1376.6944376374386,False
spoof_LA_E_7070406.flac,1683.8815716758659,False
spoof_LA_D_8332272.flac,1615.7626735502822,False
spoof_LA_T_3519821.flac,1576.4268740216153,False
spoof_LA_T_3732826.flac,1846.7351913063987,False
spoof_LA_E_4917593.flac,2174.0119586768033,False
spoof_LA_T_3745789.flac,1870.527766913296,False
spoof_LA_T_3886273.flac,1940.3513416236885,False
spoof_LA_E_6697775.flac,1445.7178276039144,False
spoof_LA_E_5902539.flac,1550.2365637740854,False
spoof_LA_T_3931967.flac,1950.203823137246,False
spoof_LA_D_9929271.flac,1643.6754975324855,False
spoof_LA_E_5277458.flac,1390.7028300441486,False
spoof_LA_E_5916365.flac,1905.407239188672,False
spoof_LA_D_9550483.flac,2028.6265702634128,False
spoof_LA_T_3798729.flac,1496.2004747385179,False
spoof_LA_T_3623233.flac,1597.1762612428665,False
spoof_LA_T_3099336.flac,1706.5899538443475,False
spoof_LA_D_8480990.flac,2176.400598971515,False
spoof_LA_D_7804235.flac,1510.7846461485246,False
spoof_LA_T_3595966.flac,1459.978194218421,False
spoof_LA_T_3765214.flac,1266.4213058337525,False
spoof_LA_T_3937570.flac,1307.3839307786914,False
spoof_LA_E_5643373.flac,1847.1028125081093,False
spoof_LA_E_6937298.flac,1638.5689375908614,False
spoof_LA_D_9959509.flac,1820.9013077693057,False
spoof_LA_T_3258161.flac,1901.8651140693403,False
spoof_LA_T_3425474.flac,1699.0523785190103,False
spoof_LA_D_8960945.flac,2025.647417139027,False
spoof_LA_T_3935781.flac,1543.3347110478953,False
spoof_LA_T_3101159.flac,1667.7958077970457,False
