Audio_name,ZCR_1,Label
bonafide_LA_D_8498981.flac,0.10444371840533088,True
bonafide_LA_D_8681156.flac,0.06953654917635659,True
bonafide_LA_T_5934685.flac,0.13315475321261683,True
bonafide_LA_T_3527643.flac,0.06444561298076923,True
bonafide_LA_T_3657309.flac,0.08262831930051813,True
bonafide_LA_D_1519237.flac,0.09077366142515923,True
bonafide_LA_D_1179848.flac,0.07328869047619048,True
bonafide_LA_T_8639914.flac,0.07084399198008849,True
bonafide_LA_E_8106858.flac,0.07826741536458333,True
bonafide_LA_E_8923639.flac,0.09535435267857142,True
bonafide_LA_E_8819473.flac,0.09149096385542169,True
bonafide_LA_D_7679169.flac,0.07466848273026316,True
bonafide_LA_E_7604984.flac,0.0760008386299435,True
bonafide_LA_T_6065241.flac,0.07401730661434977,True
bonafide_LA_T_5592527.flac,0.09125616086409397,True
bonafide_LA_T_5777819.flac,0.12907727236675126,True
bonafide_LA_D_8232673.flac,0.11093236019736842,True
bonafide_LA_D_8161159.flac,0.06472267392533937,True
bonafide_LA_D_1389698.flac,0.06643649751106195,True
bonafide_LA_T_8780063.flac,0.07727294921875,True
bonafide_LA_E_6974963.flac,0.10166408871644295,True
bonafide_LA_D_1764120.flac,0.09945322414340102,True
bonafide_LA_D_1459930.flac,0.07013318767655367,True
bonafide_LA_E_8317307.flac,0.0712824936939462,True
bonafide_LA_E_8560414.flac,0.045747354960762335,True
bonafide_LA_D_1374363.flac,0.06524480430825243,True
bonafide_LA_T_5610586.flac,0.09289483339088397,True
bonafide_LA_D_7753521.flac,0.08406178544207317,True
bonafide_LA_T_3551277.flac,0.048358480438931296,True
bonafide_LA_E_7683608.flac,0.0763903166118421,True
bonafide_LA_D_8037199.flac,0.06075870289522059,True
bonafide_LA_D_8238260.flac,0.09240782789408868,True
bonafide_LA_D_1112296.flac,0.13728392593503938,True
bonafide_LA_D_1716033.flac,0.11981687292588496,True
bonafide_LA_D_7948554.flac,0.05595703125,True
bonafide_LA_E_8956519.flac,0.06960546875,True
bonafide_LA_E_8071923.flac,0.13607862519054878,True
bonafide_LA_D_7546022.flac,0.09121484375,True
bonafide_LA_D_8241585.flac,0.11390958091085271,True
bonafide_LA_D_8087859.flac,0.09198588709677419,True
bonafide_LA_E_7340037.flac,0.06688933676861702,True
bonafide_LA_T_5683238.flac,0.09940353094362746,True
bonafide_LA_E_7781360.flac,0.07679850260416667,True
bonafide_LA_E_7947950.flac,0.04765417220744681,True
bonafide_LA_D_7887285.flac,0.0918828125,True
bonafide_LA_D_1494180.flac,0.07129827535377359,True
bonafide_LA_D_7550546.flac,0.0866729736328125,True
bonafide_LA_E_8387973.flac,0.05553385416666667,True
bonafide_LA_T_5805796.flac,0.056181787845477386,True
bonafide_LA_T_5890305.flac,0.06805000596374046,True
bonafide_LA_E_7450939.flac,0.13987699468085107,True
bonafide_LA_T_5800430.flac,0.05768229166666667,True
bonafide_LA_T_3580523.flac,0.08837890625,True
bonafide_LA_E_7344119.flac,0.061799596567622954,True
bonafide_LA_T_5633732.flac,0.0714609156773743,True
bonafide_LA_T_5824253.flac,0.04961774553571428,True
bonafide_LA_T_5801784.flac,0.09636201054216867,True
bonafide_LA_D_2842063.flac,0.10247197041984733,True
bonafide_LA_T_6025945.flac,0.05801801539179104,True
bonafide_LA_D_7460902.flac,0.10439181857638889,True
bonafide_LA_T_5540761.flac,0.11628403349550898,True
bonafide_LA_T_8914289.flac,0.06253069196428572,True
bonafide_LA_T_3607190.flac,0.055392357610887094,True
bonafide_LA_D_7787517.flac,0.04534202398255814,True
bonafide_LA_E_6984077.flac,0.06907998361895161,True
bonafide_LA_E_6958235.flac,0.07819959852430555,True
bonafide_LA_D_8814402.flac,0.08748597203038674,True
bonafide_LA_D_8393123.flac,0.11113102064220183,True
bonafide_LA_D_1123614.flac,0.113330078125,True
bonafide_LA_E_7648787.flac,0.06786730862403101,True
bonafide_LA_T_3530627.flac,0.10632471291415663,True
bonafide_LA_D_7534463.flac,0.058156331380208336,True
bonafide_LA_E_7419210.flac,0.070009765625,True
bonafide_LA_T_5986630.flac,0.10155227421465969,True
bonafide_LA_T_5872241.flac,0.1018455615942029,True
bonafide_LA_T_5765844.flac,0.08461646511130137,True
bonafide_LA_E_7705713.flac,0.08816002155172414,True
bonafide_LA_E_8293873.flac,0.08037022181919642,True
bonafide_LA_E_7647451.flac,0.09060093976449275,True
bonafide_LA_E_7578678.flac,0.10565154246794872,True
bonafide_LA_T_5949621.flac,0.08790564903846154,True
bonafide_LA_E_7650514.flac,0.07560757391467066,True
bonafide_LA_T_8846765.flac,0.07768448539402174,True
bonafide_LA_D_7450790.flac,0.10413648592715231,True
bonafide_LA_E_7061027.flac,0.07563520551801801,True
bonafide_LA_E_9048004.flac,0.06613788167938932,True
bonafide_LA_T_5777134.flac,0.06161447298728814,True
bonafide_LA_T_5716018.flac,0.0765625,True
bonafide_LA_E_8969012.flac,0.06966727120535714,True
bonafide_LA_D_8549144.flac,0.07261099466463415,True
bonafide_LA_T_3643681.flac,0.09078618531586022,True
bonafide_LA_D_1380231.flac,0.06465838972929937,True
bonafide_LA_E_8393035.flac,0.05366993678435115,True
bonafide_LA_D_1624385.flac,0.09778697096456693,True
bonafide_LA_T_8918938.flac,0.08579520089285714,True
bonafide_LA_D_7451364.flac,0.11512822690217392,True
bonafide_LA_E_8177574.flac,0.06275101782570422,True
bonafide_LA_T_8726287.flac,0.09889818274456522,True
bonafide_LA_D_8806017.flac,0.09165736607142858,True
bonafide_LA_D_1097170.flac,0.0950634765625,True
bonafide_LA_D_8213223.flac,0.08091257579291045,True
bonafide_LA_T_8686549.flac,0.07572579089506173,True
bonafide_LA_E_8838884.flac,0.12225615088619403,True
bonafide_LA_E_7500218.flac,0.07831606657608696,True
bonafide_LA_D_7751131.flac,0.08634200750612746,True
bonafide_LA_E_8123735.flac,0.07291957310267858,True
bonafide_LA_E_7962347.flac,0.08241124306955645,True
bonafide_LA_D_7883377.flac,0.11478136882129278,True
bonafide_LA_T_5960681.flac,0.07568359375,True
bonafide_LA_E_7091021.flac,0.1059011436370482,True
bonafide_LA_T_5774498.flac,0.09210149082568807,True
bonafide_LA_D_7433591.flac,0.11484550430389222,True
bonafide_LA_D_8814488.flac,0.0887920673076923,True
bonafide_LA_T_8695539.flac,0.05392262012283237,True
bonafide_LA_T_6015645.flac,0.1306272412909836,True
bonafide_LA_T_8815396.flac,0.0538330078125,True
bonafide_LA_T_5968030.flac,0.09742717978395062,True
bonafide_LA_E_7252577.flac,0.05005217251712329,True
bonafide_LA_E_8165848.flac,0.07835092117537314,True
bonafide_LA_T_6049368.flac,0.0775541923415493,True
bonafide_LA_E_7412363.flac,0.08152374507874016,True
bonafide_LA_D_8679267.flac,0.104453125,True
bonafide_LA_D_1047731.flac,0.10808961004273504,True
bonafide_LA_D_2831561.flac,0.07667908187984496,True
bonafide_LA_T_6017121.flac,0.0747620488556338,True
bonafide_LA_D_7901021.flac,0.09421421104753522,True
bonafide_LA_E_8427463.flac,0.09415879360465117,True
bonafide_LA_T_8593946.flac,0.09270134228187919,True
bonafide_LA_E_7367823.flac,0.12233625139508929,True
bonafide_LA_T_3492130.flac,0.07518174913194445,True
bonafide_LA_T_5550327.flac,0.048909505208333336,True
bonafide_LA_E_8237320.flac,0.09771249181937172,True
bonafide_LA_E_7010243.flac,0.054361979166666664,True
bonafide_LA_E_8958353.flac,0.07310688064759036,True
bonafide_LA_T_8714194.flac,0.08696146844660194,True
bonafide_LA_T_6067965.flac,0.1052695506840796,True
bonafide_LA_E_7855756.flac,0.06704889112903226,True
bonafide_LA_T_5572362.flac,0.06939764337225275,True
bonafide_LA_E_8309251.flac,0.04500877251059322,True
bonafide_LA_E_8494368.flac,0.10071954679726368,True
bonafide_LA_E_8601887.flac,0.09499167225843558,True
bonafide_LA_D_1096053.flac,0.06486066683070867,True
bonafide_LA_E_7234316.flac,0.08718427639563107,True
bonafide_LA_D_8432583.flac,0.10831705729166667,True
bonafide_LA_T_6058143.flac,0.1085703125,True
bonafide_LA_T_5688847.flac,0.10099585262345678,True
bonafide_LA_E_8594684.flac,0.11314006024096386,True
bonafide_LA_E_7097428.flac,0.06623120577830188,True
bonafide_LA_E_6950677.flac,0.10277200401376146,True
bonafide_LA_E_8231152.flac,0.07251806972789115,True
bonafide_LA_E_8190653.flac,0.1001953125,True
bonafide_LA_D_8464454.flac,0.14683203125,True
bonafide_LA_D_7570899.flac,0.11235091531065089,True
bonafide_LA_D_1523483.flac,0.07285657051282052,True
bonafide_LA_E_7164616.flac,0.1093963623046875,True
bonafide_LA_D_8554979.flac,0.09522530691964286,True
bonafide_LA_D_2824820.flac,0.08004676748853211,True
bonafide_LA_E_7363256.flac,0.058904474431818184,True
bonafide_LA_E_7205247.flac,0.07102819991438356,True
bonafide_LA_D_7439393.flac,0.10224971064814815,True
bonafide_LA_T_5865772.flac,0.0938720703125,True
bonafide_LA_E_7598520.flac,0.0921359592013889,True
bonafide_LA_T_3491111.flac,0.10172077047413793,True
bonafide_LA_E_9060552.flac,0.08282024104420732,True
bonafide_LA_E_9011334.flac,0.06225344214108911,True
bonafide_LA_D_8737588.flac,0.10493396577380952,True
bonafide_LA_E_7542451.flac,0.1273744644657258,True
bonafide_LA_T_8747878.flac,0.14927936422413793,True
bonafide_LA_D_1812623.flac,0.07686548477564102,True
bonafide_LA_E_8412746.flac,0.09973351430084745,True
bonafide_LA_E_8573294.flac,0.07074652777777778,True
bonafide_LA_T_3508559.flac,0.11534288194444445,True
bonafide_LA_E_8351164.flac,0.061748046875,True
bonafide_LA_D_8272605.flac,0.0560859375,True
bonafide_LA_D_1796445.flac,0.0772019477739726,True
bonafide_LA_E_8989180.flac,0.06366977808665644,True
bonafide_LA_T_3517928.flac,0.09294485538563829,True
bonafide_LA_E_8941099.flac,0.09549153645833333,True
bonafide_LA_E_8568506.flac,0.09056519926264045,True
bonafide_LA_E_7999038.flac,0.07442801339285714,True
bonafide_LA_D_7450739.flac,0.090142822265625,True
bonafide_LA_E_7482442.flac,0.07112976507092199,True
bonafide_LA_T_3499323.flac,0.10173828125,True
bonafide_LA_T_8533509.flac,0.06785782523777174,True
bonafide_LA_D_1060968.flac,0.08019950564971752,True
bonafide_LA_T_8683526.flac,0.11696428571428572,True
bonafide_LA_D_8215973.flac,0.095941162109375,True
bonafide_LA_T_5715699.flac,0.12115436422413793,True
bonafide_LA_D_7426346.flac,0.06042073567708333,True
bonafide_LA_T_5675574.flac,0.09292779737903226,True
bonafide_LA_D_8767583.flac,0.06488715277777778,True
bonafide_LA_E_9026587.flac,0.10464079483695653,True
bonafide_LA_D_7682953.flac,0.0865549677690583,True
bonafide_LA_D_7869886.flac,0.13678071462563451,True
bonafide_LA_T_6082136.flac,0.14030965169270834,True
bonafide_LA_D_1336221.flac,0.07028298849587912,True
bonafide_LA_E_7157910.flac,0.07694031762295082,True
bonafide_LA_E_8471739.flac,0.07210640285326086,True
bonafide_LA_D_1472077.flac,0.09643791717233009,True
bonafide_LA_D_8289522.flac,0.07754411368534483,True
bonafide_LA_T_6078944.flac,0.08596875,True
bonafide_LA_T_5837486.flac,0.10668516995614036,True
bonafide_LA_D_8073490.flac,0.09686388940868264,True
bonafide_LA_E_7505944.flac,0.0874786376953125,True
bonafide_LA_E_7445431.flac,0.074949336231203,True
bonafide_LA_E_7544214.flac,0.08787147671568628,True
bonafide_LA_D_1775211.flac,0.06358421505905512,True
bonafide_LA_E_8652457.flac,0.11590509100274725,True
bonafide_LA_D_1336215.flac,0.061276282793209874,True
bonafide_LA_E_8177958.flac,0.14380787037037038,True
bonafide_LA_D_8179754.flac,0.07742011278195489,True
bonafide_LA_T_5638559.flac,0.09703101181402439,True
bonafide_LA_D_7618557.flac,0.14045375444312796,True
bonafide_LA_D_8163895.flac,0.07624537970430108,True
bonafide_LA_T_8814910.flac,0.1097453567216981,True
bonafide_LA_E_8697084.flac,0.07658923271648045,True
bonafide_LA_D_1592094.flac,0.11553633840460527,True
bonafide_LA_D_1833136.flac,0.14644813537597656,True
bonafide_LA_E_8118874.flac,0.07412964758211679,True
bonafide_LA_T_8880498.flac,0.08620526713709678,True
bonafide_LA_D_7510202.flac,0.08519888166243655,True
bonafide_LA_E_8689459.flac,0.11008988691298342,True
bonafide_LA_E_7803346.flac,0.08602955302254098,True
bonafide_LA_D_8089175.flac,0.09249661663385826,True
bonafide_LA_T_3517700.flac,0.10301834317396313,True
bonafide_LA_E_7387840.flac,0.07958584144467214,True
bonafide_LA_E_8610376.flac,0.09904296875,True
bonafide_LA_D_1469404.flac,0.06753156043046357,True
bonafide_LA_T_3544504.flac,0.09976487858280254,True
bonafide_LA_T_8922157.flac,0.070068359375,True
bonafide_LA_E_7876927.flac,0.0348940855704698,True
bonafide_LA_E_8311656.flac,0.07500082759533898,True
bonafide_LA_T_3579841.flac,0.07223828125,True
bonafide_LA_E_8623364.flac,0.11175369122706422,True
bonafide_LA_E_7503758.flac,0.08649226085680752,True
bonafide_LA_T_6014366.flac,0.07125600179036458,True
bonafide_LA_T_8807017.flac,0.05901728677486188,True
bonafide_LA_D_7900736.flac,0.0700732421875,True
bonafide_LA_T_3576775.flac,0.11293658088235294,True
bonafide_LA_D_1056044.flac,0.0887779584390863,True
bonafide_LA_T_8887502.flac,0.06056034482758621,True
bonafide_LA_D_1637250.flac,0.11546751829954954,True
bonafide_LA_E_7157028.flac,0.0529052734375,True
bonafide_LA_T_6081990.flac,0.10362917877906977,True
bonafide_LA_T_5918833.flac,0.07283474751655629,True
bonafide_LA_D_1710320.flac,0.1033125,True
bonafide_LA_T_5913109.flac,0.0931252872242647,True
bonafide_LA_T_5806387.flac,0.0858309033890845,True
bonafide_LA_D_1553644.flac,0.08759896707214765,True
bonafide_LA_T_8898922.flac,0.10625336745689655,True
bonafide_LA_T_8793633.flac,0.07158031798245613,True
bonafide_LA_D_1614129.flac,0.0386138916015625,True
bonafide_LA_E_8892267.flac,0.08936202286073826,True
bonafide_LA_T_8819900.flac,0.08875404916158537,True
bonafide_LA_D_1121887.flac,0.07843959731543625,True
bonafide_LA_E_7105936.flac,0.06991264763779527,True
bonafide_LA_E_7342009.flac,0.07897885307591623,True
bonafide_LA_T_8884269.flac,0.07111415578358209,True
bonafide_LA_D_8313453.flac,0.13128232284330985,True
bonafide_LA_T_8853344.flac,0.09744340945512821,True
bonafide_LA_T_5994708.flac,0.09076559132543104,True
bonafide_LA_E_9017208.flac,0.08428364415322581,True
bonafide_LA_T_5795459.flac,0.06509415064102564,True
bonafide_LA_D_1300558.flac,0.04991383272058823,True
bonafide_LA_E_8545900.flac,0.08622634242957747,True
bonafide_LA_T_5834325.flac,0.08852471245659722,True
bonafide_LA_E_8104208.flac,0.06344288793103449,True
bonafide_LA_E_7424196.flac,0.04928949311023622,True
bonafide_LA_T_3690594.flac,0.0757904052734375,True
bonafide_LA_D_7790850.flac,0.08319024725274725,True
bonafide_LA_E_7944747.flac,0.08044973727876106,True
bonafide_LA_T_5949193.flac,0.08488358601485149,True
bonafide_LA_E_7129184.flac,0.09408922697368421,True
bonafide_LA_D_7998237.flac,0.08771623883928571,True
bonafide_LA_E_7902329.flac,0.08241227872109827,True
bonafide_LA_D_1438615.flac,0.09298945132488479,True
bonafide_LA_T_5954195.flac,0.09139689993351063,True
bonafide_LA_E_7603920.flac,0.08470703125,True
bonafide_LA_T_8758984.flac,0.09840662339154412,True
bonafide_LA_T_5891808.flac,0.0759311252170139,True
bonafide_LA_T_3505871.flac,0.11812420280612244,True
bonafide_LA_T_3505297.flac,0.09909418061023623,True
bonafide_LA_T_5616380.flac,0.09164881552419354,True
bonafide_LA_D_7573423.flac,0.05810546875,True
bonafide_LA_T_6034182.flac,0.06983684671336207,True
bonafide_LA_E_9019442.flac,0.041116648706896554,True
bonafide_LA_D_8600039.flac,0.08433049841772151,True
bonafide_LA_E_7192318.flac,0.08974609375,True
bonafide_LA_E_7624044.flac,0.07335443606321838,True
bonafide_LA_E_8316155.flac,0.09614238959942085,True
bonafide_LA_D_7974536.flac,0.0707892470472441,True
bonafide_LA_T_5702907.flac,0.10366858057228916,True
bonafide_LA_D_8130173.flac,0.09924935195852534,True
bonafide_LA_T_5795707.flac,0.10447064568014706,True
bonafide_LA_E_7885522.flac,0.06730339326054217,True
bonafide_LA_D_1820875.flac,0.10312143961588542,True
bonafide_LA_T_5637214.flac,0.07782846389840183,True
bonafide_LA_E_8282127.flac,0.062300248579545456,True
bonafide_LA_D_1173765.flac,0.055288461538461536,True
bonafide_LA_T_5889565.flac,0.0816650390625,True
bonafide_LA_D_2819153.flac,0.11218874857305935,True
bonafide_LA_T_8925615.flac,0.06484733371559633,True
bonafide_LA_E_7218987.flac,0.07511613175675676,True
bonafide_LA_D_1786730.flac,0.059441618217054265,True
bonafide_LA_E_8140614.flac,0.10120907738095238,True
bonafide_LA_D_8705922.flac,0.08381724517617449,True
bonafide_LA_D_7407432.flac,0.07513217268318965,True
bonafide_LA_D_1488449.flac,0.087786865234375,True
bonafide_LA_E_7734896.flac,0.11032372190241228,True
bonafide_LA_T_3545264.flac,0.10822610294117647,True
bonafide_LA_E_8696873.flac,0.0752669868119266,True
bonafide_LA_D_7861052.flac,0.05186703330592105,True
bonafide_LA_E_7069760.flac,0.09190886611238532,True
bonafide_LA_D_7525926.flac,0.0758154296875,True
bonafide_LA_T_8588034.flac,0.1348850980718085,True
bonafide_LA_T_5900964.flac,0.06600972630033557,True
bonafide_LA_D_8237075.flac,0.10154834692028986,True
bonafide_LA_D_8715858.flac,0.09539755544354839,True
bonafide_LA_T_8812445.flac,0.07904052734375,True
bonafide_LA_E_8231545.flac,0.10565112010542169,True
bonafide_LA_T_5759484.flac,0.11257676461442787,True
bonafide_LA_D_8429108.flac,0.08151879641089109,True
bonafide_LA_D_7385359.flac,0.11825022977941177,True
bonafide_LA_D_8288732.flac,0.06559440888554217,True
bonafide_LA_E_7906249.flac,0.09098610101744187,True
bonafide_LA_D_7721618.flac,0.07695819805194805,True
bonafide_LA_E_7141490.flac,0.07004331931089744,True
bonafide_LA_T_8806097.flac,0.13525390625,True
bonafide_LA_D_8635476.flac,0.09798642113095238,True
bonafide_LA_E_7570949.flac,0.06606864929199219,True
bonafide_LA_E_7720483.flac,0.09693603515625,True
bonafide_LA_E_8083510.flac,0.10008138020833333,True
bonafide_LA_E_7634608.flac,0.11486285665760869,True
bonafide_LA_D_1686743.flac,0.09279940990691489,True
bonafide_LA_E_7475060.flac,0.07930333161157024,True
bonafide_LA_E_8355453.flac,0.05919206646126761,True
bonafide_LA_D_1562732.flac,0.062496461730072464,True
bonafide_LA_E_8132591.flac,0.07711918562788019,True
bonafide_LA_E_7862236.flac,0.08795421511627907,True
bonafide_LA_E_7180994.flac,0.07589285714285714,True
bonafide_LA_E_8234254.flac,0.13758150258458646,True
bonafide_LA_E_8458018.flac,0.08400109696061644,True
bonafide_LA_T_5919047.flac,0.07082349200581395,True
bonafide_LA_T_5867902.flac,0.08846487125880281,True
bonafide_LA_T_6017674.flac,0.07711971507352941,True
bonafide_LA_D_1711559.flac,0.06008873456790124,True
bonafide_LA_D_7448272.flac,0.07659400201612904,True
bonafide_LA_T_3560086.flac,0.04862758091517857,True
bonafide_LA_T_8880327.flac,0.11589411378816794,True
bonafide_LA_D_7560590.flac,0.05897608343160377,True
bonafide_LA_E_7105640.flac,0.05982918574892242,True
bonafide_LA_D_8239123.flac,0.08828486689814814,True
bonafide_LA_T_5613911.flac,0.05170147235576923,True
bonafide_LA_E_7483475.flac,0.0801793231865285,True
bonafide_LA_E_8031578.flac,0.07356092664930555,True
bonafide_LA_T_5973899.flac,0.08691948784722223,True
bonafide_LA_E_8981903.flac,0.05257409947519084,True
bonafide_LA_T_5547883.flac,0.12722377232142856,True
bonafide_LA_D_8726343.flac,0.08792550223214286,True
bonafide_LA_D_8587105.flac,0.07799008018092106,True
bonafide_LA_D_8572375.flac,0.09865067644817073,True
bonafide_LA_D_8538667.flac,0.07140287241541353,True
bonafide_LA_E_7643037.flac,0.08209978070175439,True
bonafide_LA_E_7304633.flac,0.0570850158005618,True
bonafide_LA_T_6073321.flac,0.09010968889508929,True
bonafide_LA_T_8562513.flac,0.1346332097457627,True
bonafide_LA_E_7969621.flac,0.08560825892857143,True
bonafide_LA_T_8543938.flac,0.10619953334731544,True
bonafide_LA_E_8596423.flac,0.07471939280063292,True
bonafide_LA_T_6073470.flac,0.0645919939793578,True
bonafide_LA_E_9035219.flac,0.08782419217687075,True
bonafide_LA_D_1702465.flac,0.06994286653037383,True
bonafide_LA_E_8859944.flac,0.08779368681066177,True
bonafide_LA_T_3487529.flac,0.07498046875,True
bonafide_LA_T_5533183.flac,0.10306452252538072,True
bonafide_LA_T_5984686.flac,0.09389732623922414,True
bonafide_LA_T_3642186.flac,0.11793304771505377,True
bonafide_LA_D_1518150.flac,0.06326886077425373,True
bonafide_LA_T_5585550.flac,0.06766291182170543,True
bonafide_LA_E_7369290.flac,0.07088256234605911,True
bonafide_LA_E_7642116.flac,0.07972547743055555,True
bonafide_LA_T_5765787.flac,0.06517376077586207,True
bonafide_LA_E_8008613.flac,0.1226530997983871,True
bonafide_LA_T_6005929.flac,0.061244419642857144,True
bonafide_LA_T_5535201.flac,0.11652144645024272,True
bonafide_LA_T_3680444.flac,0.07223074776785714,True
bonafide_LA_E_8831839.flac,0.058399775256849314,True
bonafide_LA_D_8118074.flac,0.08319887907608696,True
bonafide_LA_E_8631864.flac,0.0709372127757353,True
bonafide_LA_D_1823771.flac,0.1912141393442623,True
bonafide_LA_T_5791737.flac,0.09111328125,True
bonafide_LA_D_1365236.flac,0.05848039899553571,True
bonafide_LA_E_7377457.flac,0.0590727306547619,True
bonafide_LA_D_7554234.flac,0.08576902869152046,True
bonafide_LA_D_8124968.flac,0.11229124856651376,True
bonafide_LA_T_8811170.flac,0.06110696231617647,True
bonafide_LA_E_7047411.flac,0.07180381682981928,True
bonafide_LA_D_7745370.flac,0.0736939306972789,True
bonafide_LA_T_3561136.flac,0.16429876512096775,True
bonafide_LA_T_8893973.flac,0.0871871689618644,True
bonafide_LA_D_8037358.flac,0.0822312688253012,True
bonafide_LA_T_5806851.flac,0.05145229574022346,True
bonafide_LA_T_8571358.flac,0.07306329135237069,True
bonafide_LA_D_7701126.flac,0.09601184475806451,True
bonafide_LA_D_7763180.flac,0.0979949951171875,True
bonafide_LA_D_7618637.flac,0.07742608762254902,True
bonafide_LA_E_8962374.flac,0.07407179156553398,True
bonafide_LA_D_7718079.flac,0.09484011627906977,True
bonafide_LA_E_7599448.flac,0.0465087890625,True
bonafide_LA_E_7420190.flac,0.059894392975663714,True
bonafide_LA_E_6936182.flac,0.08536835688694268,True
bonafide_LA_D_1049549.flac,0.08900122549019608,True
bonafide_LA_D_1475288.flac,0.12380961499183006,True
bonafide_LA_E_8499614.flac,0.09172399720149253,True
bonafide_LA_E_7433722.flac,0.03568591101694915,True
bonafide_LA_T_8856169.flac,0.10829125381097561,True
bonafide_LA_D_8577756.flac,0.09012185801630435,True
bonafide_LA_D_1511694.flac,0.09431767657520325,True
bonafide_LA_E_7948455.flac,0.05189732142857143,True
bonafide_LA_E_8400717.flac,0.0606982421875,True
bonafide_LA_D_1409575.flac,0.05381133177570094,True
bonafide_LA_D_8365194.flac,0.10466867469879518,True
bonafide_LA_E_7963188.flac,0.08997880651595745,True
bonafide_LA_T_8841091.flac,0.08855451617324561,True
bonafide_LA_E_8863893.flac,0.08572745722765363,True
bonafide_LA_T_8747294.flac,0.1408759223090278,True
bonafide_LA_D_7932604.flac,0.13939468503937008,True
bonafide_LA_D_7812459.flac,0.11697358630952381,True
bonafide_LA_T_8760338.flac,0.0671118759527439,True
bonafide_LA_E_7359455.flac,0.0770114536199095,True
bonafide_LA_D_8429827.flac,0.0804779495018116,True
bonafide_LA_D_1152692.flac,0.06246178668478261,True
bonafide_LA_D_1644764.flac,0.08351672535211267,True
bonafide_LA_D_8457325.flac,0.07851664225260417,True
bonafide_LA_T_5757722.flac,0.0650390625,True
bonafide_LA_T_8597829.flac,0.08294677734375,True
bonafide_LA_T_5611078.flac,0.08925507447429906,True
bonafide_LA_T_3518487.flac,0.07904924665178571,True
bonafide_LA_T_8896720.flac,0.07072996183206107,True
bonafide_LA_T_5525305.flac,0.10762683256172839,True
bonafide_LA_T_8919107.flac,0.06194661458333333,True
bonafide_LA_E_8747385.flac,0.07578008046407185,True
bonafide_LA_D_1484973.flac,0.11314854638501742,True
bonafide_LA_D_8197154.flac,0.09341171364379085,True
bonafide_LA_D_7718050.flac,0.08020109953703704,True
bonafide_LA_E_8169597.flac,0.08917438431291391,True
bonafide_LA_T_5879219.flac,0.0853271484375,True
bonafide_LA_T_5576506.flac,0.08543202574823944,True
bonafide_LA_E_8085077.flac,0.09616361788617886,True
bonafide_LA_D_8297100.flac,0.06564510569852941,True
bonafide_LA_E_7414271.flac,0.06573220957880435,True
bonafide_LA_E_6959506.flac,0.08121390964673914,True
bonafide_LA_D_8419568.flac,0.09429300242456896,True
bonafide_LA_T_5521272.flac,0.13994565217391305,True
bonafide_LA_T_3683196.flac,0.10249947212837837,True
bonafide_LA_T_3502941.flac,0.054988316127232144,True
bonafide_LA_D_1500385.flac,0.08791649420529801,True
bonafide_LA_D_7611990.flac,0.1146246559261658,True
bonafide_LA_T_3610653.flac,0.0903587863869863,True
bonafide_LA_E_8168714.flac,0.10417516907649253,True
bonafide_LA_T_6051402.flac,0.061756727430555554,True
bonafide_LA_D_7841911.flac,0.08052363708941605,True
bonafide_LA_E_7028606.flac,0.08478414601293104,True
bonafide_LA_T_5696560.flac,0.06514730798192771,True
bonafide_LA_T_3695441.flac,0.11077586206896552,True
bonafide_LA_E_7623633.flac,0.10396107456140351,True
bonafide_LA_D_7561369.flac,0.06607602510838151,True
bonafide_LA_D_1218694.flac,0.10232443337912088,True
bonafide_LA_T_6045722.flac,0.11617783368644068,True
bonafide_LA_T_5669661.flac,0.08701171875,True
bonafide_LA_T_5787857.flac,0.09350284529320987,True
bonafide_LA_T_8857843.flac,0.09424724053899082,True
bonafide_LA_E_7601805.flac,0.08247767857142857,True
bonafide_LA_E_8403814.flac,0.100107421875,True
bonafide_LA_T_5988636.flac,0.08742375959429824,True
bonafide_LA_D_1340209.flac,0.09211722883597884,True
bonafide_LA_T_6059767.flac,0.05576257538377193,True
bonafide_LA_T_8599305.flac,0.09500165052816902,True
bonafide_LA_E_8644189.flac,0.10896008743523317,True
bonafide_LA_T_3533946.flac,0.13883953783885541,True
bonafide_LA_D_1199158.flac,0.1419858870967742,True
bonafide_LA_E_7722624.flac,0.10665309175531915,True
bonafide_LA_E_7418459.flac,0.06327394238945579,True
bonafide_LA_T_8721428.flac,0.13126804517663043,True
bonafide_LA_D_1376638.flac,0.10794890873015874,True
bonafide_LA_T_8636985.flac,0.06858473557692307,True
bonafide_LA_D_1026868.flac,0.07079867658943965,True
bonafide_LA_D_1517076.flac,0.1084599532480315,True
bonafide_LA_T_5712226.flac,0.08843198029891304,True
bonafide_LA_D_8235144.flac,0.08387925889756945,True
bonafide_LA_D_8503024.flac,0.05134166370738636,True
bonafide_LA_T_6069460.flac,0.0889696662808642,True
bonafide_LA_E_8078248.flac,0.06770582932692308,True
bonafide_LA_T_5896323.flac,0.11463758680555555,True
bonafide_LA_D_8142373.flac,0.09316837086397059,True
bonafide_LA_T_5599339.flac,0.08199103860294117,True
bonafide_LA_T_8751424.flac,0.07940566748903509,True
bonafide_LA_E_7464302.flac,0.07405162017617449,True
bonafide_LA_T_3686008.flac,0.09863795230263157,True
bonafide_LA_E_7058027.flac,0.0811558856865285,True
bonafide_LA_E_7830324.flac,0.07810011942675159,True
bonafide_LA_T_8781605.flac,0.06532776471480582,True
bonafide_LA_D_8522983.flac,0.09604558470022624,True
bonafide_LA_E_7105013.flac,0.08515782510080645,True
bonafide_LA_D_7724772.flac,0.11991436298076923,True
bonafide_LA_E_8979645.flac,0.07761439732142857,True
bonafide_LA_E_8544944.flac,0.10700217257724719,True
bonafide_LA_D_1327255.flac,0.13095703125,True
bonafide_LA_D_8246056.flac,0.1108930228960396,True
bonafide_LA_T_8590705.flac,0.07845703125,True
bonafide_LA_D_1705487.flac,0.10308041779891304,True
bonafide_LA_E_7150436.flac,0.054896763392857144,True
bonafide_LA_E_7583466.flac,0.06961495535714286,True
bonafide_LA_T_3524074.flac,0.07597432609732824,True
bonafide_LA_D_1618135.flac,0.11761924342105264,True
bonafide_LA_E_6930614.flac,0.10609248991935484,True
bonafide_LA_T_3647140.flac,0.09881663602941176,True
bonafide_LA_D_7796753.flac,0.0727567286849711,True
bonafide_LA_D_1086391.flac,0.06907552083333333,True
bonafide_LA_E_8006424.flac,0.1162252987132353,True
bonafide_LA_D_1773726.flac,0.10336852771966527,True
bonafide_LA_T_8545885.flac,0.07591029575892858,True
bonafide_LA_T_8739453.flac,0.0809228515625,True
bonafide_LA_T_3580508.flac,0.13151281020220587,True
bonafide_LA_D_8765991.flac,0.08603813812022901,True
bonafide_LA_D_7758918.flac,0.11234989872685185,True
bonafide_LA_T_8716901.flac,0.11988956766917293,True
bonafide_LA_E_8530507.flac,0.08727213541666666,True
bonafide_LA_E_8736554.flac,0.04910546875,True
bonafide_LA_D_7813228.flac,0.1078870878444882,True
bonafide_LA_E_9020394.flac,0.1072034333881579,True
bonafide_LA_T_8639228.flac,0.11595767012266354,True
bonafide_LA_T_3517869.flac,0.10941637976694915,True
bonafide_LA_E_9017050.flac,0.09925034466911764,True
bonafide_LA_D_8089934.flac,0.09225246796548117,True
bonafide_LA_T_8576608.flac,0.08461267807904412,True
bonafide_LA_T_3686789.flac,0.09465874565972222,True
bonafide_LA_D_8270902.flac,0.09695289248511904,True
bonafide_LA_D_8284994.flac,0.06271158854166667,True
bonafide_LA_E_7721813.flac,0.09011252866972477,True
bonafide_LA_D_8792865.flac,0.06701509452160494,True
bonafide_LA_D_1403371.flac,0.10550025201612903,True
bonafide_LA_T_8589988.flac,0.060473841479700856,True
bonafide_LA_E_7328814.flac,0.11317121478873239,True
bonafide_LA_T_8700513.flac,0.1198594146573604,True
bonafide_LA_D_7783288.flac,0.09190150669642858,True
bonafide_LA_T_5570263.flac,0.080615234375,True
bonafide_LA_E_8436175.flac,0.08530226031553398,True
bonafide_LA_D_8103599.flac,0.08562097597361809,True
bonafide_LA_T_3565683.flac,0.07998160428779069,True
bonafide_LA_T_5792324.flac,0.10860491071428571,True
bonafide_LA_T_8791339.flac,0.059710334329044115,True
bonafide_LA_T_3515602.flac,0.05283994932432432,True
bonafide_LA_E_7400718.flac,0.0560623583836858,True
bonafide_LA_E_8579178.flac,0.11413138253348214,True
bonafide_LA_D_7455119.flac,0.043217028601694914,True
bonafide_LA_E_8451979.flac,0.09201229319852941,True
bonafide_LA_D_8190929.flac,0.03853975183823529,True
bonafide_LA_E_8444421.flac,0.11038266321656051,True
bonafide_LA_D_7981085.flac,0.10788225446428572,True
bonafide_LA_E_7155077.flac,0.0697704250529661,True
bonafide_LA_D_8565008.flac,0.0814921875,True
bonafide_LA_D_1838386.flac,0.07208698551829268,True
bonafide_LA_D_1434598.flac,0.12052939594655797,True
bonafide_LA_D_7601268.flac,0.0756956006659836,True
bonafide_LA_T_3583591.flac,0.08245035807291666,True
bonafide_LA_T_5831523.flac,0.10306169519472362,True
bonafide_LA_E_8547733.flac,0.11102448792016807,True
bonafide_LA_D_8184939.flac,0.11534804894179894,True
bonafide_LA_D_8516589.flac,0.056624348958333334,True
bonafide_LA_T_8874328.flac,0.0791259765625,True
bonafide_LA_D_1317890.flac,0.07714443519467214,True
bonafide_LA_T_6007335.flac,0.12009634622713415,True
bonafide_LA_D_7730769.flac,0.10982102614182693,True
bonafide_LA_D_7836916.flac,0.10275207109899329,True
bonafide_LA_T_3679258.flac,0.06679026285807292,True
bonafide_LA_E_8985734.flac,0.07333464312130178,True
bonafide_LA_T_8778911.flac,0.06183938419117647,True
bonafide_LA_T_5772566.flac,0.10644152737403101,True
bonafide_LA_E_8391430.flac,0.06784939236111111,True
bonafide_LA_E_7094268.flac,0.08913730053191489,True
bonafide_LA_T_5891775.flac,0.09689906023550725,True
bonafide_LA_E_7289071.flac,0.0776219967022613,True
bonafide_LA_E_8797106.flac,0.1277138530344203,True
bonafide_LA_T_5782392.flac,0.07026512943097014,True
bonafide_LA_T_5535130.flac,0.057793511284722224,True
bonafide_LA_E_7682962.flac,0.09289803340517241,True
bonafide_LA_D_7579918.flac,0.07596261160714286,True
bonafide_LA_T_8925956.flac,0.0885483099489796,True
bonafide_LA_T_5565624.flac,0.0853471486581921,True
bonafide_LA_D_1607104.flac,0.07396104600694445,True
bonafide_LA_E_8206599.flac,0.08176967075892858,True
bonafide_LA_T_3649480.flac,0.11092722039473685,True
bonafide_LA_E_8551052.flac,0.089907545540201,True
bonafide_LA_T_3537526.flac,0.05297140473300971,True
bonafide_LA_E_8117237.flac,0.07601243622448979,True
bonafide_LA_T_5832791.flac,0.09151204427083333,True
bonafide_LA_T_6035510.flac,0.07296781994047619,True
bonafide_LA_E_7861904.flac,0.0905926044170673,True
bonafide_LA_D_2816765.flac,0.05359446674311927,True
bonafide_LA_E_7681319.flac,0.054953474339430895,True
bonafide_LA_E_7329908.flac,0.08472023547535211,True
bonafide_LA_E_7256649.flac,0.1090437682748538,True
bonafide_LA_T_5989009.flac,0.11387532552083333,True
bonafide_LA_E_7080591.flac,0.052150974025974024,True
bonafide_LA_D_7704954.flac,0.08213096941021127,True
bonafide_LA_D_7542569.flac,0.07074431335034014,True
bonafide_LA_D_8621322.flac,0.06982166230366492,True
bonafide_LA_T_8536928.flac,0.06834083267405064,True
bonafide_LA_T_8853276.flac,0.13786687077702703,True
bonafide_LA_D_7590299.flac,0.08387411794354839,True
bonafide_LA_E_8892307.flac,0.08857678865131578,True
bonafide_LA_D_8729758.flac,0.10256140216503268,True
bonafide_LA_T_5625330.flac,0.10321044921875,True
bonafide_LA_E_8274579.flac,0.09292763157894737,True
bonafide_LA_D_2844885.flac,0.06951194585755814,True
bonafide_LA_E_7828205.flac,0.0929501488095238,True
bonafide_LA_T_3588899.flac,0.07588965739678899,True
bonafide_LA_D_1703452.flac,0.08165724734042554,True
bonafide_LA_T_8651042.flac,0.08655569094036697,True
bonafide_LA_T_8597023.flac,0.11655359100877193,True
bonafide_LA_E_7605406.flac,0.05812900037650602,True
bonafide_LA_E_8881920.flac,0.03721535852713178,True
bonafide_LA_E_8786294.flac,0.0883532072368421,True
bonafide_LA_T_5799348.flac,0.08163364955357143,True
bonafide_LA_D_1595036.flac,0.11862595016891891,True
bonafide_LA_E_7017795.flac,0.13689081101190476,True
bonafide_LA_T_8849210.flac,0.06664313892326733,True
bonafide_LA_E_8383122.flac,0.0694954749381188,True
bonafide_LA_E_7167069.flac,0.07257282181291391,True
bonafide_LA_T_8638376.flac,0.1328009657972441,True
bonafide_LA_T_3570279.flac,0.08832310267857142,True
bonafide_LA_D_8537448.flac,0.08384021577380953,True
bonafide_LA_E_7104932.flac,0.07538540672709923,True
bonafide_LA_E_8612647.flac,0.07527669270833333,True
bonafide_LA_T_8708087.flac,0.09664562136627906,True
bonafide_LA_T_5755110.flac,0.08537810983009708,True
bonafide_LA_E_7977198.flac,0.06888620476973684,True
bonafide_LA_T_8747149.flac,0.06826392152255639,True
bonafide_LA_E_8134271.flac,0.1350442487641243,True
bonafide_LA_D_1837988.flac,0.09552143895348837,True
bonafide_LA_D_1444916.flac,0.07671077076981707,True
bonafide_LA_D_1279882.flac,0.06433636209239131,True
bonafide_LA_E_7709231.flac,0.07157294694767442,True
bonafide_LA_T_5724427.flac,0.07045852803738317,True
bonafide_LA_E_8395746.flac,0.13196986607142858,True
bonafide_LA_D_8313645.flac,0.08840692238729508,True
bonafide_LA_E_7610239.flac,0.09505815648320895,True
bonafide_LA_T_5937046.flac,0.091609375,True
bonafide_LA_E_8052268.flac,0.073638916015625,True
bonafide_LA_D_7451276.flac,0.08049938725490197,True
bonafide_LA_E_8684257.flac,0.08103327165570176,True
bonafide_LA_D_7565232.flac,0.07135126393312102,True
bonafide_LA_T_5691156.flac,0.0734672214673913,True
bonafide_LA_T_5788985.flac,0.062337239583333336,True
bonafide_LA_E_8134538.flac,0.08465935202205882,True
bonafide_LA_E_8097112.flac,0.09018841911764706,True
bonafide_LA_D_8426461.flac,0.08806204288563829,True
bonafide_LA_E_8942579.flac,0.0797390407986111,True
bonafide_LA_E_8783302.flac,0.028920200892857142,True
bonafide_LA_E_6935365.flac,0.09849860654239766,True
bonafide_LA_E_8182325.flac,0.07819010416666666,True
bonafide_LA_D_1306387.flac,0.059596011513157895,True
bonafide_LA_D_8340433.flac,0.0704395325203252,True
bonafide_LA_T_3659915.flac,0.0835232204861111,True
bonafide_LA_D_1204220.flac,0.130571486632948,True
bonafide_LA_E_8434174.flac,0.06121914628623189,True
bonafide_LA_T_5786461.flac,0.1267937554253472,True
bonafide_LA_D_1789452.flac,0.059108034393491125,True
bonafide_LA_T_5872172.flac,0.10897932381465517,True
bonafide_LA_T_6013298.flac,0.11429850260416667,True
bonafide_LA_D_1323454.flac,0.06554271556712964,True
bonafide_LA_D_1758807.flac,0.09476605583639706,True
bonafide_LA_D_8671896.flac,0.13053624770220587,True
bonafide_LA_T_5846701.flac,0.08862723214285714,True
bonafide_LA_E_8624596.flac,0.08632884306066177,True
bonafide_LA_T_8852458.flac,0.11138857886904761,True
bonafide_LA_D_1590530.flac,0.12970987955729166,True
bonafide_LA_T_5719913.flac,0.0883540783898305,True
bonafide_LA_E_9000858.flac,0.10353125,True
bonafide_LA_D_1299580.flac,0.0901335685483871,True
bonafide_LA_T_3586569.flac,0.06202865335982659,True
bonafide_LA_E_8921592.flac,0.0615234375,True
bonafide_LA_E_8448475.flac,0.10236537856543625,True
bonafide_LA_T_5630619.flac,0.12546049288617886,True
bonafide_LA_E_8910600.flac,0.0883820564516129,True
bonafide_LA_D_8302640.flac,0.06283408717105263,True
bonafide_LA_D_2832141.flac,0.06761390744274809,True
bonafide_LA_D_8238051.flac,0.09203040081521739,True
bonafide_LA_E_7826647.flac,0.13775772438909775,True
bonafide_LA_E_7557617.flac,0.08907183478860294,True
bonafide_LA_E_7123823.flac,0.08943782944277108,True
bonafide_LA_D_7400680.flac,0.06465697057038836,True
bonafide_LA_T_8651978.flac,0.06169858186141304,True
bonafide_LA_D_2866947.flac,0.08137487192622951,True
bonafide_LA_T_8854115.flac,0.058123779296875,True
bonafide_LA_E_7458138.flac,0.05767463235294118,True
bonafide_LA_E_8858635.flac,0.10949358258928571,True
bonafide_LA_D_7543100.flac,0.10079405737704918,True
bonafide_LA_T_5544402.flac,0.08547744309971098,True
bonafide_LA_D_7731909.flac,0.07265074823943662,True
bonafide_LA_E_7427372.flac,0.05704941860465116,True
bonafide_LA_D_7742504.flac,0.07263685252568493,True
bonafide_LA_E_7867450.flac,0.06235103283898305,True
bonafide_LA_D_1274098.flac,0.0904721119364754,True
bonafide_LA_T_3508642.flac,0.08969472909902597,True
bonafide_LA_T_5866152.flac,0.05647447374131945,True
bonafide_LA_E_7352998.flac,0.11273940203059071,True
bonafide_LA_T_8702524.flac,0.09100890790343916,True
bonafide_LA_T_8549038.flac,0.09327221942204302,True
bonafide_LA_T_8631342.flac,0.0705016230193662,True
bonafide_LA_E_8295850.flac,0.0684663318452381,True
bonafide_LA_D_1368280.flac,0.07236958165322581,True
bonafide_LA_E_8217952.flac,0.05781795288705584,True
bonafide_LA_E_8598615.flac,0.06592150701992754,True
bonafide_LA_D_7596619.flac,0.08399832589285715,True
bonafide_LA_T_8864733.flac,0.07850038385115607,True
bonafide_LA_T_3661578.flac,0.08039272231543625,True
bonafide_LA_D_8817568.flac,0.0926390229985955,True
bonafide_LA_E_7629534.flac,0.09366269143211921,True
bonafide_LA_T_5761909.flac,0.12036508413461539,True
bonafide_LA_D_2846692.flac,0.10466137266995613,True
bonafide_LA_T_5596732.flac,0.07566466812015504,True
bonafide_LA_T_8657239.flac,0.06142649931066176,True
bonafide_LA_D_1219450.flac,0.04525020204741379,True
bonafide_LA_T_5600038.flac,0.092620849609375,True
bonafide_LA_D_7399617.flac,0.09651318546455939,True
bonafide_LA_D_7640990.flac,0.08741039234203296,True
bonafide_LA_D_7570554.flac,0.07181514616935483,True
bonafide_LA_E_7765212.flac,0.08416542310393259,True
bonafide_LA_D_8220866.flac,0.0576171875,True
bonafide_LA_E_7824929.flac,0.11409098307291667,True
bonafide_LA_E_7617702.flac,0.06102061685794045,True
bonafide_LA_E_8193046.flac,0.09170502011138613,True
bonafide_LA_E_7424040.flac,0.09011386303191489,True
bonafide_LA_D_1597752.flac,0.09786806150114155,True
bonafide_LA_T_5785306.flac,0.18491112625838926,True
bonafide_LA_E_8261559.flac,0.1018760751146789,True
bonafide_LA_D_1732752.flac,0.09035679913949275,True
bonafide_LA_D_1355058.flac,0.0872036803002451,True
bonafide_LA_D_8436641.flac,0.0650438850308642,True
bonafide_LA_T_8541274.flac,0.10984959112149532,True
bonafide_LA_D_8473267.flac,0.1548867782360406,True
bonafide_LA_D_1101351.flac,0.11571844692887931,True
bonafide_LA_T_8543558.flac,0.10270501429738563,True
bonafide_LA_D_8277825.flac,0.11198528547932331,True
bonafide_LA_D_1399387.flac,0.05876295637376237,True
bonafide_LA_T_6060006.flac,0.09899589342948718,True
bonafide_LA_T_8847275.flac,0.11002604166666667,True
bonafide_LA_D_8492975.flac,0.10386439732142858,True
spoof_LA_E_4966778.flac,0.07811124559859155,False
spoof_LA_D_9923905.flac,0.09154845120614036,False
spoof_LA_D_9247877.flac,0.09149034288194445,False
spoof_LA_E_4953594.flac,0.12107469512195122,False
spoof_LA_E_5802003.flac,0.13779296875,False
spoof_LA_T_2986466.flac,0.13626241238317757,False
spoof_LA_D_8332272.flac,0.09331512451171875,False
spoof_LA_E_6199793.flac,0.15730168269230768,False
spoof_LA_D_8203374.flac,0.08738731971153846,False
spoof_LA_E_5040334.flac,0.17271095795157068,False
spoof_LA_E_6917841.flac,0.12032591841603053,False
spoof_LA_T_3785674.flac,0.12192701256793478,False
spoof_LA_E_6536056.flac,0.10195728058510638,False
spoof_LA_E_6103397.flac,0.16273941532258066,False
spoof_LA_T_3774356.flac,0.0603302431778169,False
spoof_LA_T_3211664.flac,0.12218774723101265,False
spoof_LA_T_3267838.flac,0.11351276266163793,False
spoof_LA_T_3022880.flac,0.11789562351895734,False
spoof_LA_T_3509610.flac,0.09143423336988304,False
spoof_LA_E_6716788.flac,0.09307223647388059,False
spoof_LA_E_5726992.flac,0.11295219089673914,False
spoof_LA_E_5459325.flac,0.07920386904761904,False
spoof_LA_T_3622175.flac,0.12278140169902912,False
spoof_LA_D_7888867.flac,0.05915024701286765,False
spoof_LA_T_3101159.flac,0.08759911380597014,False
spoof_LA_T_3647945.flac,0.05311876662234043,False
spoof_LA_E_5000653.flac,0.12438302446705427,False
spoof_LA_E_5541086.flac,0.07154921234631148,False
spoof_LA_T_3356816.flac,0.096640625,False
spoof_LA_T_3303089.flac,0.08138917937992125,False
spoof_LA_D_9162715.flac,0.10855751555429864,False
spoof_LA_T_3279709.flac,0.07039388020833333,False
spoof_LA_T_3107719.flac,0.12378617407570422,False
spoof_LA_D_7789669.flac,0.13034345518867924,False
spoof_LA_D_9323962.flac,0.07209406672297297,False
spoof_LA_E_5958578.flac,0.06291172147212544,False
spoof_LA_D_8848060.flac,0.11877274186643835,False
spoof_LA_D_8377469.flac,0.10915227521929824,False
spoof_LA_D_9238626.flac,0.05769178602430555,False
spoof_LA_E_6980137.flac,0.14656818446828357,False
spoof_LA_T_3329278.flac,0.09249391417572464,False
spoof_LA_T_3752351.flac,0.11988424598623854,False
spoof_LA_E_5722352.flac,0.12207979368932038,False
spoof_LA_E_5776487.flac,0.07143147786458333,False
spoof_LA_D_9290458.flac,0.13629001524390244,False
spoof_LA_E_7043918.flac,0.0940522693452381,False
spoof_LA_T_3221197.flac,0.097163750337473,False
spoof_LA_D_9326600.flac,0.07531297063253012,False
spoof_LA_E_5692564.flac,0.11211603338068182,False
spoof_LA_E_5259519.flac,0.10562711148648649,False
spoof_LA_E_4895142.flac,0.07811857524671052,False
spoof_LA_D_9934703.flac,0.12711460383858267,False
spoof_LA_D_8689583.flac,0.11012620192307693,False
spoof_LA_D_7766160.flac,0.06895616319444445,False
spoof_LA_T_3654277.flac,0.12487858952702703,False
spoof_LA_D_7931644.flac,0.15661427331349206,False
spoof_LA_D_8688676.flac,0.04214519729262673,False
spoof_LA_D_7863446.flac,0.07837380573248408,False
spoof_LA_D_8867270.flac,0.15299479166666666,False
spoof_LA_T_3137948.flac,0.10110328311011904,False
spoof_LA_D_9095485.flac,0.10389335200471699,False
spoof_LA_D_8529541.flac,0.06821669541396104,False
spoof_LA_E_6403844.flac,0.09976098744292237,False
spoof_LA_E_6315469.flac,0.07008800287356322,False
spoof_LA_T_3633528.flac,0.12204624229753522,False
spoof_LA_D_8198366.flac,0.09881165970203488,False
spoof_LA_E_5344494.flac,0.1439360119047619,False
spoof_LA_D_9044901.flac,0.12302760074013158,False
spoof_LA_T_3917204.flac,0.05812250181686047,False
spoof_LA_D_8612905.flac,0.0708264802631579,False
spoof_LA_E_5259581.flac,0.09822092899659864,False
spoof_LA_D_8328201.flac,0.1233181423611111,False
spoof_LA_D_8960945.flac,0.0843656357020548,False
spoof_LA_D_9478291.flac,0.09535967293432203,False
spoof_LA_D_8545409.flac,0.08860762746710527,False
spoof_LA_D_9641619.flac,0.08502556295955882,False
spoof_LA_D_8491201.flac,0.06377328725961538,False
spoof_LA_E_5806450.flac,0.09174262152777778,False
spoof_LA_E_6961845.flac,0.09991065492021277,False
spoof_LA_D_9403264.flac,0.0930671139039855,False
spoof_LA_D_8609922.flac,0.11786526352611941,False
spoof_LA_E_5253002.flac,0.11462942477876106,False
spoof_LA_T_3322867.flac,0.11058419911649214,False
spoof_LA_D_9146864.flac,0.1430392795138889,False
spoof_LA_E_6544366.flac,0.11380304074754902,False
spoof_LA_T_3168464.flac,0.11644995629370629,False
spoof_LA_T_3606713.flac,0.11651225604089219,False
spoof_LA_D_8258450.flac,0.0808600826539855,False
spoof_LA_D_7952081.flac,0.09226591363916256,False
spoof_LA_D_7885495.flac,0.10192175356217617,False
spoof_LA_T_3449287.flac,0.05504261363636364,False
spoof_LA_T_3134223.flac,0.09610770089285714,False
spoof_LA_T_2938056.flac,0.06313403684701492,False
spoof_LA_E_5869474.flac,0.09302585407838983,False
spoof_LA_E_6094906.flac,0.08855514977810651,False
spoof_LA_E_6399750.flac,0.12420099431818182,False
spoof_LA_D_8826150.flac,0.09398944561298077,False
spoof_LA_E_5954406.flac,0.07247488839285714,False
spoof_LA_T_3891540.flac,0.08975306919642857,False
spoof_LA_E_5268937.flac,0.08603010506465517,False
spoof_LA_T_3649183.flac,0.06724717881944445,False
spoof_LA_D_9911701.flac,0.14027432528409092,False
spoof_LA_T_3662604.flac,0.10296507969798657,False
spoof_LA_E_5441895.flac,0.13505071824596773,False
spoof_LA_D_8530159.flac,0.08312844669117647,False
spoof_LA_E_5071751.flac,0.22374845805921054,False
spoof_LA_E_5802501.flac,0.0902770136443662,False
spoof_LA_D_9039631.flac,0.1070556640625,False
spoof_LA_D_8699272.flac,0.09673309326171875,False
spoof_LA_T_3127231.flac,0.12283628924763033,False
spoof_LA_T_3141211.flac,0.05457261029411765,False
spoof_LA_E_6918400.flac,0.11380570023148148,False
spoof_LA_D_7908893.flac,0.08762506853070176,False
spoof_LA_D_8647244.flac,0.11263640030570653,False
spoof_LA_D_8108942.flac,0.10466544858870967,False
spoof_LA_E_6958508.flac,0.09604608444940477,False
spoof_LA_E_5880592.flac,0.08843925561797752,False
spoof_LA_E_6877255.flac,0.13914022640306123,False
spoof_LA_D_9184356.flac,0.07047913566468254,False
spoof_LA_E_4913097.flac,0.1102142333984375,False
spoof_LA_T_2928266.flac,0.08519414645522388,False
spoof_LA_D_8521403.flac,0.09503439198369565,False
spoof_LA_T_3180689.flac,0.08185135690789473,False
spoof_LA_T_3843316.flac,0.08441032247340426,False
spoof_LA_E_5633538.flac,0.08931187220982142,False
spoof_LA_E_5454200.flac,0.132012939453125,False
spoof_LA_T_3933288.flac,0.11549014136904762,False
spoof_LA_D_9259569.flac,0.12301551748853211,False
spoof_LA_T_2972020.flac,0.09989872685185185,False
spoof_LA_D_9362885.flac,0.11208224826388889,False
spoof_LA_E_6412514.flac,0.1461457283266129,False
spoof_LA_E_7034480.flac,0.08197946259469698,False
spoof_LA_D_7840753.flac,0.09274318998893805,False
spoof_LA_D_8111494.flac,0.10149147727272727,False
spoof_LA_E_4917593.flac,0.1483584449404762,False
spoof_LA_T_3199187.flac,0.09190108136432927,False
spoof_LA_T_3747538.flac,0.12495534012957317,False
spoof_LA_T_3501915.flac,0.062978515625,False
spoof_LA_D_9147825.flac,0.0890869140625,False
spoof_LA_T_3867300.flac,0.08119673295454545,False
spoof_LA_E_5850625.flac,0.096728515625,False
spoof_LA_T_3848559.flac,0.09352805397727272,False
spoof_LA_E_5373083.flac,0.10313013980263158,False
spoof_LA_T_3817314.flac,0.12233148619186046,False
spoof_LA_D_9523778.flac,0.10371224832214765,False
spoof_LA_E_5812394.flac,0.07008815456081081,False
spoof_LA_T_3555247.flac,0.09335458205521473,False
spoof_LA_T_3892421.flac,0.10981955457089553,False
spoof_LA_T_3732826.flac,0.10438219007554946,False
spoof_LA_T_3887076.flac,0.11198853417266187,False
spoof_LA_T_2968212.flac,0.10341673259493671,False
spoof_LA_T_3055700.flac,0.09579439252336448,False
spoof_LA_D_9683064.flac,0.1318873355263158,False
spoof_LA_D_7778978.flac,0.1095387012283237,False
spoof_LA_E_6032232.flac,0.09170692845394737,False
spoof_LA_T_3044859.flac,0.09803013392857143,False
spoof_LA_D_9178120.flac,0.10524204799107142,False
spoof_LA_D_9653036.flac,0.05617404513888889,False
spoof_LA_E_5853080.flac,0.10594042304421769,False
spoof_LA_D_7794484.flac,0.09059836647727272,False
spoof_LA_E_6809826.flac,0.10548194679054054,False
spoof_LA_D_8477754.flac,0.127637270480226,False
spoof_LA_E_5065618.flac,0.1049515029131356,False
spoof_LA_E_5680046.flac,0.07735501802884616,False
spoof_LA_T_3397783.flac,0.10961332775297619,False
spoof_LA_D_9848213.flac,0.12534265350877194,False
spoof_LA_T_3772113.flac,0.08506869612068965,False
spoof_LA_E_6990240.flac,0.12177104334677419,False
spoof_LA_T_3798729.flac,0.0881843144603321,False
spoof_LA_D_8934774.flac,0.0857719089673913,False
spoof_LA_T_3255828.flac,0.10337428042763158,False
spoof_LA_T_3090165.flac,0.07192075502622378,False
spoof_LA_D_8720499.flac,0.10264501031839622,False
spoof_LA_T_3369291.flac,0.1105561755952381,False
spoof_LA_T_3444009.flac,0.11558639171511628,False
spoof_LA_T_3180025.flac,0.11659505208333333,False
spoof_LA_T_3591581.flac,0.0826690673828125,False
spoof_LA_T_3257878.flac,0.07117543730345911,False
spoof_LA_D_9036300.flac,0.07560961174242424,False
spoof_LA_D_8432736.flac,0.1152252197265625,False
spoof_LA_D_9502397.flac,0.108349609375,False
spoof_LA_D_9486780.flac,0.10980224609375,False
spoof_LA_T_3230250.flac,0.07430818765470297,False
spoof_LA_D_9695805.flac,0.0616953125,False
spoof_LA_E_6302209.flac,0.08411923363095238,False
spoof_LA_D_9906845.flac,0.11265399639423077,False
spoof_LA_E_6686618.flac,0.07384696224619289,False
spoof_LA_E_6458668.flac,0.15850633190524194,False
spoof_LA_D_9323818.flac,0.13072759454900568,False
spoof_LA_E_5761777.flac,0.07475988643685567,False
spoof_LA_T_3869252.flac,0.10923222770467836,False
spoof_LA_E_7019507.flac,0.063525390625,False
spoof_LA_E_5646443.flac,0.10038539341517858,False
spoof_LA_D_9936972.flac,0.04136305588942308,False
spoof_LA_D_8962029.flac,0.12214992357336957,False
spoof_LA_T_3256314.flac,0.10866634402654868,False
spoof_LA_D_8453540.flac,0.08706632224462366,False
spoof_LA_T_3411067.flac,0.10442597987288135,False
spoof_LA_D_8161487.flac,0.06211260330578512,False
spoof_LA_D_9816888.flac,0.12145905671296296,False
spoof_LA_D_7940727.flac,0.0783006621570122,False
spoof_LA_T_3100220.flac,0.06734768435251799,False
spoof_LA_E_6186245.flac,0.13762613932291667,False
spoof_LA_T_3706452.flac,0.09441679267473119,False
spoof_LA_T_3779988.flac,0.10315393518518519,False
spoof_LA_E_6086117.flac,0.11178397428505535,False
spoof_LA_E_5034315.flac,0.11639030612244898,False
spoof_LA_E_6389418.flac,0.10345458984375,False
spoof_LA_D_7977577.flac,0.17800071022727273,False
spoof_LA_T_3244537.flac,0.08922322591145833,False
spoof_LA_E_5508617.flac,0.080166015625,False
spoof_LA_T_3652205.flac,0.074688720703125,False
spoof_LA_D_9218689.flac,0.08782087053571429,False
spoof_LA_D_8365775.flac,0.09937994164156627,False
spoof_LA_E_6337871.flac,0.07009765625,False
spoof_LA_D_9014425.flac,0.07743467133620689,False
spoof_LA_D_9663997.flac,0.093263554393797,False
spoof_LA_D_8982866.flac,0.11097138984018265,False
spoof_LA_D_9616611.flac,0.09578968394886364,False
spoof_LA_D_9305654.flac,0.07472217175387597,False
spoof_LA_T_3237145.flac,0.09466355846774194,False
spoof_LA_D_7938162.flac,0.06959635416666667,False
spoof_LA_E_7130670.flac,0.1048215835813492,False
spoof_LA_T_3897753.flac,0.16068245600728157,False
spoof_LA_D_9022425.flac,0.09357766544117647,False
spoof_LA_E_6189035.flac,0.07938929966517858,False
spoof_LA_D_8077746.flac,0.10919280550373134,False
spoof_LA_E_6940832.flac,0.16878919536564627,False
spoof_LA_D_8798373.flac,0.10103498186383929,False
spoof_LA_T_3564769.flac,0.13488823306718062,False
spoof_LA_D_8615165.flac,0.09104610729768786,False
spoof_LA_T_3102501.flac,0.086669921875,False
spoof_LA_D_8704829.flac,0.12260356702302631,False
spoof_LA_T_3359966.flac,0.08638139204545454,False
spoof_LA_D_9005051.flac,0.14125709011130136,False
spoof_LA_T_2994267.flac,0.08128343186936937,False
spoof_LA_E_5044203.flac,0.10714405980603449,False
spoof_LA_D_9878596.flac,0.06361799568965518,False
spoof_LA_T_3236590.flac,0.04817808186349693,False
spoof_LA_E_6861784.flac,0.1345560529590708,False
spoof_LA_T_3920269.flac,0.10576733925359712,False
spoof_LA_E_5794518.flac,0.13845299030172414,False
spoof_LA_T_3215796.flac,0.12244488441780822,False
spoof_LA_D_9165269.flac,0.08582274265552996,False
spoof_LA_E_5804114.flac,0.1108784648658192,False
spoof_LA_T_3263799.flac,0.055982686705508475,False
spoof_LA_T_2988649.flac,0.05706259645061729,False
spoof_LA_T_3771957.flac,0.06038295200892857,False
spoof_LA_E_5577920.flac,0.12073298168789809,False
spoof_LA_T_3357699.flac,0.1203847032912234,False
spoof_LA_E_6949838.flac,0.10649144931102363,False
spoof_LA_D_8738176.flac,0.09017226275275736,False
spoof_LA_T_3936692.flac,0.10210743266574586,False
spoof_LA_E_5863468.flac,0.11200566254844961,False
spoof_LA_E_6689293.flac,0.10800589767156862,False
spoof_LA_E_5737725.flac,0.11091188524590163,False
spoof_LA_T_3000865.flac,0.11820261101973684,False
spoof_LA_T_3549005.flac,0.11305859375,False
spoof_LA_E_5707367.flac,0.13392857142857142,False
spoof_LA_D_9301014.flac,0.10475636951958955,False
spoof_LA_D_7993138.flac,0.09906226468373494,False
spoof_LA_E_6166148.flac,0.09736689814814815,False
spoof_LA_E_6279695.flac,0.1280701519691781,False
spoof_LA_E_5945019.flac,0.09474657402663934,False
spoof_LA_E_6863757.flac,0.09660912662572255,False
spoof_LA_E_5881834.flac,0.1597900390625,False
spoof_LA_D_8063205.flac,0.11615705818965517,False
spoof_LA_D_8398091.flac,0.12314509249281609,False
spoof_LA_T_3185009.flac,0.07209518720518868,False
spoof_LA_T_3693523.flac,0.06911349826388889,False
spoof_LA_D_8798580.flac,0.05166903409090909,False
spoof_LA_E_6727037.flac,0.10478515625,False
spoof_LA_D_8573686.flac,0.07920663568037975,False
spoof_LA_E_6262723.flac,0.07937442555147059,False
spoof_LA_D_9132728.flac,0.07979600694444444,False
spoof_LA_T_3494227.flac,0.05208798363095238,False
spoof_LA_T_3741646.flac,0.08197380514705882,False
spoof_LA_E_5529117.flac,0.06892067026869159,False
spoof_LA_E_5050950.flac,0.0876907437865497,False
spoof_LA_D_9132830.flac,0.10706072022928995,False
spoof_LA_D_8529268.flac,0.08193533761160714,False
spoof_LA_E_5279423.flac,0.0704194568452381,False
spoof_LA_T_3226422.flac,0.10708383413461539,False
spoof_LA_E_6588007.flac,0.11396280924479167,False
spoof_LA_D_9958640.flac,0.0654296875,False
spoof_LA_E_4900947.flac,0.07709577971813726,False
spoof_LA_T_3626827.flac,0.1250809585492228,False
spoof_LA_T_3624229.flac,0.07379690157312925,False
spoof_LA_E_4974333.flac,0.11708762428977272,False
spoof_LA_D_9753761.flac,0.14305809507978723,False
spoof_LA_E_6407971.flac,0.12052455357142858,False
spoof_LA_D_9204853.flac,0.113525390625,False
spoof_LA_T_3420154.flac,0.10964453125,False
spoof_LA_T_3747855.flac,0.14074050739247312,False
spoof_LA_E_5611914.flac,0.08977864583333334,False
spoof_LA_D_8373803.flac,0.12822604317196531,False
spoof_LA_T_3027064.flac,0.09133976063829788,False
spoof_LA_T_3369088.flac,0.10295470686983471,False
spoof_LA_T_2938542.flac,0.05122482944542254,False
spoof_LA_T_3324120.flac,0.10265460997137404,False
spoof_LA_E_6395435.flac,0.13869803292410715,False
spoof_LA_E_6987590.flac,0.056960846656976746,False
spoof_LA_E_5000578.flac,0.11556640625,False
spoof_LA_T_3639417.flac,0.09241440716911764,False
spoof_LA_T_3490050.flac,0.0698742002952756,False
spoof_LA_E_6280755.flac,0.1017672631048387,False
spoof_LA_E_6808570.flac,0.14501953125,False
spoof_LA_D_8736080.flac,0.09293918434633028,False
spoof_LA_T_3733163.flac,0.089739990234375,False
spoof_LA_T_3024677.flac,0.07835875166223404,False
spoof_LA_E_6874545.flac,0.08186451981707317,False
spoof_LA_D_8932992.flac,0.061858421148255814,False
spoof_LA_E_5576419.flac,0.1138541154035433,False
spoof_LA_D_9724900.flac,0.08267938523065477,False
spoof_LA_E_6256556.flac,0.07623697916666666,False
spoof_LA_T_3666734.flac,0.09882903767523364,False
spoof_LA_D_8215903.flac,0.11828440377124647,False
spoof_LA_E_6306520.flac,0.1199557722107438,False
spoof_LA_E_5522885.flac,0.08738538953993055,False
spoof_LA_D_7859058.flac,0.10021902095375723,False
spoof_LA_D_8703309.flac,0.15102043704710144,False
spoof_LA_D_8688469.flac,0.08084874574829932,False
spoof_LA_E_6203424.flac,0.07302314544392523,False
spoof_LA_E_6925140.flac,0.08771158854166666,False
spoof_LA_T_3904124.flac,0.06170055912990196,False
spoof_LA_T_3399195.flac,0.09184020371160409,False
spoof_LA_D_8296972.flac,0.0942654079861111,False
spoof_LA_T_3323910.flac,0.10711753531678082,False
spoof_LA_T_3654402.flac,0.11251365532309322,False
spoof_LA_E_6820202.flac,0.053350933527542374,False
spoof_LA_T_3457501.flac,0.09375634131493507,False
spoof_LA_D_8460539.flac,0.1505126953125,False
spoof_LA_E_6571275.flac,0.10898711302570094,False
spoof_LA_T_3140594.flac,0.13870675223214285,False
spoof_LA_D_8086419.flac,0.06674382716049383,False
spoof_LA_D_8476350.flac,0.08861390792112299,False
spoof_LA_E_6842224.flac,0.08358439993351063,False
spoof_LA_T_3937570.flac,0.06935148785828026,False
spoof_LA_E_5991939.flac,0.11347827576754387,False
spoof_LA_E_7067640.flac,0.13041068412162163,False
spoof_LA_T_3475723.flac,0.09229118441358025,False
spoof_LA_T_3685216.flac,0.11583260037251655,False
spoof_LA_D_9174943.flac,0.06769618703358209,False
spoof_LA_T_3911331.flac,0.07721705543533605,False
spoof_LA_T_3058507.flac,0.11267641129032258,False
spoof_LA_E_5277458.flac,0.07545490506329114,False
spoof_LA_T_3589830.flac,0.08117378048780488,False
spoof_LA_E_5174081.flac,0.121826171875,False
spoof_LA_D_8181392.flac,0.07975061928353659,False
spoof_LA_E_6936336.flac,0.11423364016089109,False
spoof_LA_T_3630592.flac,0.13829703282828282,False
spoof_LA_T_3386033.flac,0.0984344482421875,False
spoof_LA_E_5916365.flac,0.12539119608918128,False
spoof_LA_E_6108317.flac,0.09211300580929487,False
spoof_LA_D_8862614.flac,0.07597133091517858,False
spoof_LA_D_8771091.flac,0.07485499526515152,False
spoof_LA_D_8466822.flac,0.11380885591442953,False
spoof_LA_T_3544252.flac,0.09224113089139344,False
spoof_LA_D_8846893.flac,0.10718433277027027,False
spoof_LA_E_6096530.flac,0.08141765763274336,False
spoof_LA_E_6594449.flac,0.07703521286231885,False
spoof_LA_T_3541316.flac,0.05205001230314961,False
spoof_LA_T_3884343.flac,0.06635578165374677,False
spoof_LA_T_3691951.flac,0.08580170580621302,False
spoof_LA_T_2958399.flac,0.09772326899509803,False
spoof_LA_T_3507382.flac,0.11739325373427673,False
spoof_LA_E_5747065.flac,0.08437660092213115,False
spoof_LA_T_3630477.flac,0.07740045362903226,False
spoof_LA_E_5557519.flac,0.10668619791666667,False
spoof_LA_T_3625716.flac,0.09930072053108809,False
spoof_LA_D_9039340.flac,0.07704905282079647,False
spoof_LA_E_5717721.flac,0.06757668887867647,False
spoof_LA_D_9120091.flac,0.048906134430473376,False
spoof_LA_T_3748937.flac,0.101953125,False
spoof_LA_D_8133720.flac,0.08667356576492537,False
spoof_LA_D_9567658.flac,0.08743836449795082,False
spoof_LA_E_5477523.flac,0.08736282966040462,False
spoof_LA_D_9321479.flac,0.10020094651442307,False
spoof_LA_T_2949196.flac,0.06861011402027027,False
spoof_LA_D_9849984.flac,0.12878762800141244,False
spoof_LA_T_3258161.flac,0.09803486380347594,False
spoof_LA_E_6998430.flac,0.10853515625,False
spoof_LA_T_3702326.flac,0.08902254971590909,False
spoof_LA_T_3910995.flac,0.11763311589805825,False
spoof_LA_E_6782184.flac,0.11657664609053497,False
spoof_LA_T_3104807.flac,0.020598038383152172,False
spoof_LA_D_9237935.flac,0.06215625,False
spoof_LA_D_8140953.flac,0.10330020680147059,False
spoof_LA_T_2936749.flac,0.12233631646455224,False
spoof_LA_E_6374153.flac,0.09641003964552239,False
spoof_LA_E_6929728.flac,0.07334750306372549,False
spoof_LA_T_3908268.flac,0.09873374214385475,False
spoof_LA_D_8361609.flac,0.11727772588315218,False
spoof_LA_D_9378704.flac,0.07548231750954199,False
spoof_LA_T_3376247.flac,0.1285067471590909,False
spoof_LA_E_6184826.flac,0.1454292777534965,False
spoof_LA_D_8480990.flac,0.15194755688048245,False
spoof_LA_E_6130004.flac,0.11483414446721311,False
spoof_LA_D_9835323.flac,0.08552797379032258,False
spoof_LA_D_8003982.flac,0.066140625,False
spoof_LA_D_8682472.flac,0.07612090058379122,False
spoof_LA_E_5341961.flac,0.056452233021653545,False
spoof_LA_T_3679612.flac,0.10987035778985507,False
spoof_LA_D_7798691.flac,0.1083162515470297,False
spoof_LA_E_5083901.flac,0.09254092261904762,False
spoof_LA_D_8582499.flac,0.1178436279296875,False
spoof_LA_E_6811579.flac,0.18309719279661016,False
spoof_LA_T_3931967.flac,0.09474704982517483,False
spoof_LA_D_9765329.flac,0.06498148903917911,False
spoof_LA_T_3096056.flac,0.0790291251717033,False
spoof_LA_E_6404281.flac,0.09343959263392858,False
spoof_LA_D_9550483.flac,0.093427734375,False
spoof_LA_D_9239645.flac,0.09539045367324561,False
spoof_LA_T_3841028.flac,0.07578392551369863,False
spoof_LA_D_9982261.flac,0.0965728759765625,False
spoof_LA_E_5050010.flac,0.08449108195754718,False
spoof_LA_D_8858217.flac,0.1300550083031401,False
spoof_LA_T_3781693.flac,0.07171433971774194,False
spoof_LA_T_3808520.flac,0.14200453066914498,False
spoof_LA_E_5233371.flac,0.07566374491869919,False
spoof_LA_E_5205428.flac,0.06614069353070176,False
spoof_LA_E_6024354.flac,0.11852162278543307,False
spoof_LA_E_5188809.flac,0.09407552083333333,False
spoof_LA_T_3115526.flac,0.058268229166666664,False
spoof_LA_E_5372739.flac,0.07254207835477941,False
spoof_LA_D_9295289.flac,0.050744811100746266,False
spoof_LA_D_7804235.flac,0.08867444490131579,False
spoof_LA_D_9965111.flac,0.20292394301470587,False
spoof_LA_D_8434044.flac,0.09664212740384616,False
spoof_LA_T_2942389.flac,0.12458616521860987,False
spoof_LA_D_9928764.flac,0.06765721849173553,False
spoof_LA_T_3719438.flac,0.07502155475788289,False
spoof_LA_E_4967343.flac,0.0850244140625,False
spoof_LA_T_3327129.flac,0.09578375860091744,False
spoof_LA_D_7794451.flac,0.14234270368303573,False
spoof_LA_D_8116303.flac,0.1346970942982456,False
spoof_LA_D_9620080.flac,0.10560360863095238,False
spoof_LA_D_9735877.flac,0.12447858537946428,False
spoof_LA_T_3010192.flac,0.1260789991258741,False
spoof_LA_E_5461088.flac,0.122412109375,False
spoof_LA_T_3770267.flac,0.06460895944148937,False
spoof_LA_E_6826558.flac,0.094677734375,False
spoof_LA_T_3395200.flac,0.12781700721153846,False
spoof_LA_E_5789026.flac,0.08200595045336788,False
spoof_LA_T_3575657.flac,0.11743678042763157,False
spoof_LA_D_9337409.flac,0.14831466194968554,False
spoof_LA_E_4898563.flac,0.15371260683760685,False
spoof_LA_E_5267168.flac,0.10766297653008298,False
spoof_LA_E_6468004.flac,0.1491941495706107,False
spoof_LA_T_3359404.flac,0.05146322959710744,False
spoof_LA_T_3213729.flac,0.06725834865196079,False
spoof_LA_E_6263439.flac,0.15815897190824468,False
spoof_LA_T_2938111.flac,0.040521002435064936,False
spoof_LA_E_6069382.flac,0.1349941155849359,False
spoof_LA_E_6107783.flac,0.14164970290492956,False
spoof_LA_E_5122092.flac,0.07547040052816902,False
spoof_LA_E_5517617.flac,0.09129797894021739,False
spoof_LA_D_8626728.flac,0.12135302602762803,False
spoof_LA_E_5687814.flac,0.0680467559070122,False
spoof_LA_E_6470953.flac,0.1174545800125839,False
spoof_LA_D_8582702.flac,0.08326234208776596,False
spoof_LA_T_3099336.flac,0.09730200674019608,False
spoof_LA_E_6598284.flac,0.08430132949561403,False
spoof_LA_E_5641302.flac,0.17179483442164178,False
spoof_LA_E_5906345.flac,0.049810053228021976,False
spoof_LA_D_9892838.flac,0.12335358432788945,False
spoof_LA_T_3079420.flac,0.0769186580882353,False
spoof_LA_T_3327888.flac,0.11010168488903395,False
spoof_LA_D_9619963.flac,0.09239527925531915,False
spoof_LA_D_7874809.flac,0.12778345098350255,False
spoof_LA_E_5781710.flac,0.09684385102370689,False
spoof_LA_E_6342127.flac,0.08078707181490384,False
spoof_LA_D_9643882.flac,0.11655440529942966,False
spoof_LA_E_5631315.flac,0.09784481389735772,False
spoof_LA_T_3894358.flac,0.07507059997294373,False
spoof_LA_E_5947364.flac,0.058740631351626015,False
spoof_LA_E_5567276.flac,0.10340766331658291,False
spoof_LA_E_5580107.flac,0.09856370192307692,False
spoof_LA_T_3756510.flac,0.10195573413645038,False
spoof_LA_E_5658959.flac,0.09563610600490197,False
spoof_LA_D_8635185.flac,0.06899354516006098,False
spoof_LA_E_5664137.flac,0.11436205231741572,False
spoof_LA_D_9912829.flac,0.06827939789870689,False
spoof_LA_D_7891639.flac,0.0990234375,False
spoof_LA_E_5203261.flac,0.11016730542452831,False
spoof_LA_E_5667765.flac,0.1566427479619565,False
spoof_LA_T_3707068.flac,0.10569629854368932,False
spoof_LA_D_8207965.flac,0.1375999273255814,False
spoof_LA_E_6957216.flac,0.10951030685240964,False
spoof_LA_D_8854421.flac,0.08012852822580645,False
spoof_LA_T_2927808.flac,0.15800871672453703,False
spoof_LA_E_5758414.flac,0.10719318631329114,False
spoof_LA_E_5416168.flac,0.10907587274774774,False
spoof_LA_E_6943688.flac,0.09569583722014925,False
spoof_LA_T_3077161.flac,0.06069686989379085,False
spoof_LA_D_9670204.flac,0.09437040441176471,False
spoof_LA_T_3056041.flac,0.09879557291666667,False
spoof_LA_E_5647557.flac,0.10720629422169811,False
spoof_LA_D_9159354.flac,0.10768701696908602,False
spoof_LA_T_3366076.flac,0.09467892530487805,False
spoof_LA_E_5643373.flac,0.11805270010964912,False
spoof_LA_T_3567534.flac,0.08755946395420793,False
spoof_LA_T_3506181.flac,0.12471667631172839,False
spoof_LA_T_3723770.flac,0.09320845170454546,False
spoof_LA_T_3022593.flac,0.11634961403639618,False
spoof_LA_E_5317098.flac,0.10399293363764045,False
spoof_LA_T_3909077.flac,0.06102889623397436,False
spoof_LA_T_3654243.flac,0.09498077876984128,False
spoof_LA_T_3070603.flac,0.13428813449585636,False
spoof_LA_D_7950260.flac,0.06746944304435484,False
spoof_LA_D_9126962.flac,0.13647166792168675,False
spoof_LA_T_3763232.flac,0.07515545280612244,False
spoof_LA_D_8444186.flac,0.11482466774425287,False
spoof_LA_E_7003498.flac,0.11207197473404255,False
spoof_LA_D_8777124.flac,0.11603009259259259,False
spoof_LA_E_6398521.flac,0.0833984375,False
spoof_LA_D_8035288.flac,0.1733307453416149,False
spoof_LA_T_3425474.flac,0.08001641912774725,False
spoof_LA_T_3319380.flac,0.07312225877192982,False
spoof_LA_E_6795859.flac,0.08300155248397435,False
spoof_LA_T_3578728.flac,0.08230811050257732,False
spoof_LA_E_5726308.flac,0.09541015625,False
spoof_LA_T_3333752.flac,0.09103427844101124,False
spoof_LA_E_5349339.flac,0.10706752232142858,False
spoof_LA_T_3541079.flac,0.08868132560483871,False
spoof_LA_D_8115137.flac,0.11321579200634058,False
spoof_LA_E_6935297.flac,0.12458615186737805,False
spoof_LA_D_9525819.flac,0.07505122950819672,False
spoof_LA_E_6396077.flac,0.10419044066011236,False
spoof_LA_D_9417739.flac,0.10560568496309963,False
spoof_LA_E_5294211.flac,0.16470382462686567,False
spoof_LA_T_3778920.flac,0.09288479989035088,False
spoof_LA_T_3178062.flac,0.0978515625,False
spoof_LA_D_8844856.flac,0.0795926661849711,False
spoof_LA_E_5586639.flac,0.12641462053571428,False
spoof_LA_E_5655832.flac,0.1848777488425926,False
spoof_LA_T_3251643.flac,0.08672332763671875,False
spoof_LA_T_3426654.flac,0.0835076279527559,False
spoof_LA_E_5902539.flac,0.06921246408045977,False
spoof_LA_T_3686022.flac,0.09189453125,False
spoof_LA_T_3532839.flac,0.05187768993263473,False
spoof_LA_T_3464928.flac,0.06072760247564935,False
spoof_LA_D_9254634.flac,0.10480794270833334,False
spoof_LA_T_3190556.flac,0.08829941860465117,False
spoof_LA_E_5009854.flac,0.0843685963114754,False
spoof_LA_D_8213309.flac,0.09314903846153846,False
spoof_LA_D_8554608.flac,0.11256981759049774,False
spoof_LA_T_2977640.flac,0.03302716779279279,False
spoof_LA_T_3935781.flac,0.08288250138274336,False
spoof_LA_E_6715422.flac,0.13723680449695122,False
spoof_LA_D_8832668.flac,0.08238002232142858,False
spoof_LA_D_9959509.flac,0.13330078125,False
spoof_LA_T_3819703.flac,0.07849327992584745,False
spoof_LA_D_9289055.flac,0.1047092013888889,False
spoof_LA_E_5015083.flac,0.13576528188344594,False
spoof_LA_D_8228955.flac,0.10041455401490067,False
spoof_LA_T_3382204.flac,0.07206316692073171,False
spoof_LA_T_3593681.flac,0.11921183268229167,False
spoof_LA_E_6141933.flac,0.11247434454449153,False
spoof_LA_E_5081320.flac,0.1255770596590909,False
spoof_LA_T_3829981.flac,0.08807433477722772,False
spoof_LA_E_4914121.flac,0.09378286508413461,False
spoof_LA_E_6802074.flac,0.10303098763992537,False
spoof_LA_E_5517660.flac,0.14780560661764705,False
spoof_LA_T_3843593.flac,0.09231654575892857,False
spoof_LA_D_8157473.flac,0.10335187214176829,False
spoof_LA_T_3909939.flac,0.07755911113410596,False
spoof_LA_E_5974462.flac,0.12466195913461539,False
spoof_LA_T_3639692.flac,0.10069444444444445,False
spoof_LA_T_3001685.flac,0.10818193543632075,False
spoof_LA_D_7854945.flac,0.11854104434742647,False
spoof_LA_E_5516441.flac,0.06244768415178571,False
spoof_LA_T_3145657.flac,0.09014502992021277,False
spoof_LA_T_3623233.flac,0.08222096437101911,False
spoof_LA_T_3460794.flac,0.06763263081395349,False
spoof_LA_E_5262305.flac,0.16063466698232323,False
spoof_LA_D_9205865.flac,0.1297095514112903,False
spoof_LA_T_3745789.flac,0.09710518973214285,False
spoof_LA_E_5860169.flac,0.07432077891791045,False
spoof_LA_E_5210457.flac,0.09467230902777778,False
spoof_LA_D_8853078.flac,0.09049329845183486,False
spoof_LA_E_4994475.flac,0.11812862273185484,False
spoof_LA_E_7070406.flac,0.10063001844618055,False
spoof_LA_T_3747697.flac,0.0866007722182081,False
spoof_LA_D_9976918.flac,0.08208383413461538,False
spoof_LA_T_3801576.flac,0.10893874871926229,False
spoof_LA_D_9323786.flac,0.09865099318484043,False
spoof_LA_E_5676329.flac,0.13133550995024876,False
spoof_LA_E_6082233.flac,0.10065149377893519,False
spoof_LA_D_9008648.flac,0.13293604103915663,False
spoof_LA_D_8286400.flac,0.08941381682389937,False
spoof_LA_D_9561723.flac,0.09708839699074075,False
spoof_LA_D_8379637.flac,0.10944571659482759,False
spoof_LA_E_7128280.flac,0.09450986963757396,False
spoof_LA_E_5252915.flac,0.10730832122093023,False
spoof_LA_E_6572731.flac,0.09234674127252253,False
spoof_LA_E_7128517.flac,0.052009351325757576,False
spoof_LA_D_8061900.flac,0.07862923815359477,False
spoof_LA_D_8285541.flac,0.15848316865808823,False
spoof_LA_T_2928324.flac,0.10225511633831522,False
spoof_LA_T_3863374.flac,0.0644287109375,False
spoof_LA_D_9929271.flac,0.06913975306919642,False
spoof_LA_D_9774959.flac,0.08444197889397906,False
spoof_LA_D_9951144.flac,0.08422274852362205,False
spoof_LA_E_6234470.flac,0.12879806792664672,False
spoof_LA_T_3886273.flac,0.1234878421753876,False
spoof_LA_E_5286999.flac,0.08179259568117977,False
spoof_LA_E_6175282.flac,0.09241378948252688,False
spoof_LA_T_3526718.flac,0.08150087553879311,False
spoof_LA_D_8824981.flac,0.05178687686011905,False
spoof_LA_T_2970763.flac,0.12920328776041667,False
spoof_LA_T_3507015.flac,0.17042734925176056,False
spoof_LA_E_6387860.flac,0.12453156758130081,False
spoof_LA_T_3467377.flac,0.10703004436728394,False
spoof_LA_E_5251369.flac,0.10230189732142857,False
spoof_LA_D_8999079.flac,0.09359305245535714,False
spoof_LA_D_9079393.flac,0.05017240547839506,False
spoof_LA_D_9487464.flac,0.10353246228448276,False
spoof_LA_T_3460737.flac,0.1003561580882353,False
spoof_LA_T_3130884.flac,0.09464592889908256,False
spoof_LA_E_5615084.flac,0.11438832085253456,False
spoof_LA_E_5309654.flac,0.06970049137443439,False
spoof_LA_D_9829062.flac,0.046556122448979595,False
spoof_LA_E_7074052.flac,0.10267168209876543,False
spoof_LA_D_9678633.flac,0.07162543402777778,False
spoof_LA_T_3921929.flac,0.08691778983778627,False
spoof_LA_T_3702484.flac,0.10584017761752136,False
spoof_LA_D_7774318.flac,0.08042719414893618,False
spoof_LA_E_6339534.flac,0.11211480034722222,False
spoof_LA_E_5124092.flac,0.07637803819444444,False
spoof_LA_D_7793474.flac,0.06349734042553191,False
spoof_LA_D_7826067.flac,0.12411644345238096,False
spoof_LA_E_6697775.flac,0.07589561060855263,False
spoof_LA_E_6059367.flac,0.13173988217213115,False
spoof_LA_T_3429014.flac,0.1303368283991228,False
spoof_LA_T_2971373.flac,0.07028427565028902,False
spoof_LA_E_5307862.flac,0.06898834745762712,False
spoof_LA_T_3389485.flac,0.05866970486111111,False
spoof_LA_T_3104689.flac,0.05807897286821705,False
spoof_LA_E_5654105.flac,0.07811957465277777,False
spoof_LA_D_9436760.flac,0.0609022906037415,False
spoof_LA_D_8619688.flac,0.08481289478058511,False
spoof_LA_T_2989681.flac,0.10967807112068965,False
spoof_LA_E_6147045.flac,0.12429835215336134,False
spoof_LA_E_5742482.flac,0.1349405317164179,False
spoof_LA_E_5027015.flac,0.13808121219758066,False
spoof_LA_D_9059202.flac,0.11599609375,False
spoof_LA_T_3433376.flac,0.08356647663288289,False
spoof_LA_T_3236371.flac,0.07114470108695652,False
spoof_LA_D_7809381.flac,0.09629098992598684,False
spoof_LA_D_9360638.flac,0.09404575892857144,False
spoof_LA_D_7949260.flac,0.06055898114669422,False
spoof_LA_E_5985276.flac,0.08050340221774194,False
spoof_LA_E_5212323.flac,0.06366536458333333,False
spoof_LA_D_9100251.flac,0.08237957802547771,False
spoof_LA_D_9362528.flac,0.07331528349550898,False
spoof_LA_D_9454983.flac,0.05267333984375,False
spoof_LA_D_8045813.flac,0.1082867391748366,False
spoof_LA_T_3512960.flac,0.09509607263513513,False
spoof_LA_D_8678410.flac,0.08205058787128713,False
spoof_LA_T_3501102.flac,0.12784069042487683,False
spoof_LA_T_3398232.flac,0.10306744414251208,False
spoof_LA_E_5181829.flac,0.17679582241766467,False
spoof_LA_D_8306822.flac,0.11733789886603375,False
spoof_LA_T_3570680.flac,0.07201727505387931,False
spoof_LA_T_3434429.flac,0.15107114296259844,False
spoof_LA_D_8432132.flac,0.08791232638888889,False
spoof_LA_E_5100025.flac,0.17673611111111112,False
spoof_LA_D_9551181.flac,0.0917087131076389,False
spoof_LA_T_2994343.flac,0.08856865284974093,False
spoof_LA_D_9449715.flac,0.10119941907051282,False
spoof_LA_T_3426633.flac,0.105316162109375,False
spoof_LA_E_5414129.flac,0.09073574982541899,False
spoof_LA_T_3715800.flac,0.12418209039826499,False
spoof_LA_E_6633622.flac,0.06299913194444444,False
spoof_LA_E_5521977.flac,0.10781334186422414,False
spoof_LA_E_5153494.flac,0.12460026716321243,False
spoof_LA_D_8408350.flac,0.12271831191588785,False
spoof_LA_E_6347314.flac,0.0589111328125,False
spoof_LA_T_3286480.flac,0.0962581797542735,False
spoof_LA_E_5519575.flac,0.16166548295454544,False
spoof_LA_T_3667645.flac,0.12452404908459595,False
spoof_LA_D_9715643.flac,0.10999866832386364,False
spoof_LA_T_3595966.flac,0.07418064024390245,False
spoof_LA_E_5690807.flac,0.13528645833333333,False
spoof_LA_D_9205244.flac,0.15566069504310345,False
spoof_LA_D_9159130.flac,0.09636262175324675,False
spoof_LA_E_6264645.flac,0.10238405257936507,False
spoof_LA_D_9902676.flac,0.06011855811403509,False
spoof_LA_D_8240404.flac,0.07274664556226766,False
spoof_LA_T_3779852.flac,0.08139436141304347,False
spoof_LA_T_3809665.flac,0.06703272405660378,False
spoof_LA_T_3816087.flac,0.11988467261904762,False
spoof_LA_D_8091742.flac,0.12859176377118645,False
spoof_LA_D_8381871.flac,0.11963218330536912,False
spoof_LA_E_6189060.flac,0.09036521541262135,False
spoof_LA_D_8333653.flac,0.07520984468005952,False
spoof_LA_D_8087903.flac,0.10198674436475409,False
spoof_LA_T_2999936.flac,0.08695922145953758,False
spoof_LA_E_6348171.flac,0.12202039930555555,False
spoof_LA_D_9990640.flac,0.1510143831286127,False
spoof_LA_D_9965150.flac,0.10864462972689076,False
spoof_LA_E_7099261.flac,0.14043339596518986,False
spoof_LA_D_8213352.flac,0.09875655500856165,False
spoof_LA_D_7961571.flac,0.09002594449626866,False
spoof_LA_D_9266332.flac,0.08255733366935483,False
spoof_LA_D_9332785.flac,0.07050656049679487,False
spoof_LA_E_6998033.flac,0.09397060899849398,False
spoof_LA_T_3263231.flac,0.12063545093201754,False
spoof_LA_T_3206239.flac,0.052444812863372096,False
spoof_LA_E_6110195.flac,0.1358044194240196,False
spoof_LA_E_7121730.flac,0.11216437679597702,False
spoof_LA_E_6252866.flac,0.07928059895833334,False
spoof_LA_D_7796964.flac,0.06917550223214286,False
spoof_LA_T_3437696.flac,0.05489309210526316,False
spoof_LA_E_6937298.flac,0.1039893306902985,False
spoof_LA_T_2985420.flac,0.08157826618975904,False
spoof_LA_T_3077720.flac,0.08317739520958084,False
spoof_LA_D_8191353.flac,0.048173828125,False
spoof_LA_D_8424724.flac,0.07673907039141414,False
spoof_LA_T_3053396.flac,0.062127007378472224,False
spoof_LA_E_6127484.flac,0.0771484375,False
spoof_LA_T_2927569.flac,0.09677315387788779,False
spoof_LA_T_2991535.flac,0.06675625691371681,False
spoof_LA_T_3544596.flac,0.0949341961156542,False
spoof_LA_D_9727400.flac,0.09213744091386554,False
spoof_LA_E_5354858.flac,0.0986328125,False
spoof_LA_D_8872966.flac,0.1157121178057554,False
spoof_LA_D_9455460.flac,0.08402572780944625,False
spoof_LA_T_3463105.flac,0.0663594996675532,False
spoof_LA_T_3902587.flac,0.10499838732798165,False
spoof_LA_D_9498512.flac,0.07886777935606061,False
spoof_LA_D_7766576.flac,0.0996134103822314,False
spoof_LA_T_3307036.flac,0.07866142165492958,False
spoof_LA_T_3765214.flac,0.06581133261494253,False
spoof_LA_D_9400211.flac,0.08871045524691358,False
spoof_LA_T_3550057.flac,0.12935791015625,False
spoof_LA_E_5368576.flac,0.11863490513392858,False
spoof_LA_T_3519821.flac,0.09582979210251046,False
spoof_LA_T_3707173.flac,0.0627731064618644,False
spoof_LA_D_9636981.flac,0.11619140625,False
spoof_LA_T_3658178.flac,0.1787176262842466,False
spoof_LA_E_5940093.flac,0.09640737680288461,False
spoof_LA_T_3824956.flac,0.08011944110576923,False
spoof_LA_E_5152024.flac,0.101318359375,False
spoof_LA_D_9133128.flac,0.08468191964285714,False
spoof_LA_E_6358761.flac,0.11555416483274648,False
spoof_LA_D_8601811.flac,0.067633056640625,False
spoof_LA_T_3015812.flac,0.10045030381944445,False
spoof_LA_E_6277034.flac,0.09657205561155914,False
