Audio_name,RMS_1,Label
A4_184.wav,0.04130469262599945,True
A6_56.wav,0.0388309471309185,True
A22_121.wav,0.027935007587075233,True
A19_91.wav,0.02557852305471897,True
A22_105.wav,0.09911768138408661,True
A32_112.wav,0.0805499479174614,True
A34_196.wav,0.03473588824272156,True
A23_47.wav,0.10339920222759247,True
A6_170.wav,0.05601534619927406,True
A6_67.wav,0.052351828664541245,True
A4_52.wav,0.0822276920080185,True
A2_187.wav,0.0398988276720047,True
A11_44.wav,0.07433080673217773,True
A13_215.wav,0.06472013145685196,True
A22_140.wav,0.020940296351909637,True
A13_101.wav,0.05307452753186226,True
A14_50.wav,0.054768674075603485,True
A7_119.wav,0.03009619563817978,True
A12_92.wav,0.08696955442428589,True
A14_105.wav,0.07831769436597824,True
A14_129.wav,0.05330262705683708,True
A32_245.wav,0.04868317395448685,True
A14_139.wav,0.06401079148054123,True
A7_113.wav,0.02685382217168808,True
A6_151.wav,0.06118272989988327,True
A4_242.wav,0.034019749611616135,True
A33_36.wav,0.02323652245104313,True
A13_15.wav,0.045687880367040634,True
A36_147.wav,0.008840182796120644,True
A36_114.wav,0.011260862462222576,True
A4_83.wav,0.049283672124147415,True
A6_169.wav,0.06950502097606659,True
A33_41.wav,0.019884688779711723,True
A32_22.wav,0.07323386520147324,True
A2_144.wav,0.05502896383404732,True
A11_167.wav,0.061318788677453995,True
A22_123.wav,0.023663673549890518,True
A4_96.wav,0.05866578221321106,True
A19_234.wav,0.026274971663951874,True
A2_113.wav,0.04064667597413063,True
A32_3.wav,0.04246896132826805,True
A14_198.wav,0.05722380056977272,True
A22_133.wav,0.017004571855068207,True
A4_105.wav,0.060434404760599136,True
A36_22.wav,0.01233847625553608,True
A13_242.wav,0.05140979588031769,True
A2_86.wav,0.057071343064308167,True
A2_209.wav,0.06883195042610168,True
A36_123.wav,0.009376407600939274,True
A13_235.wav,0.05435977876186371,True
A22_198.wav,0.024708792567253113,True
A2_205.wav,0.041377849876880646,True
A7_163.wav,0.07524554431438446,True
A2_233.wav,0.10104821622371674,True
A14_173.wav,0.06365842372179031,True
A33_30.wav,0.022785011678934097,True
A14_75.wav,0.05540245771408081,True
A22_106.wav,0.0938323438167572,True
A34_10.wav,0.06024160981178284,True
A22_210.wav,0.01705925166606903,True
A12_135.wav,0.0694352462887764,True
A34_145.wav,0.0777382031083107,True
A23_93.wav,0.09511278569698334,True
A34_55.wav,0.07770384103059769,True
A12_90.wav,0.08303671330213547,True
A11_135.wav,0.0807073786854744,True
A33_94.wav,0.02450435608625412,True
A14_159.wav,0.06263196468353271,True
A12_14.wav,0.056532539427280426,True
A14_230.wav,0.05007852613925934,True
A7_112.wav,0.03249809890985489,True
A36_84.wav,0.01590578258037567,True
A32_184.wav,0.06563927233219147,True
A34_105.wav,0.11350972205400467,True
A34_224.wav,0.0380975715816021,True
A36_41.wav,0.017313677817583084,True
A34_144.wav,0.058496348559856415,True
A4_66.wav,0.09759942442178726,True
A36_231.wav,0.010163231752812862,True
A4_118.wav,0.05191073939204216,True
A11_10.wav,0.16506393253803253,True
A2_80.wav,0.06874461472034454,True
A32_181.wav,0.0688859149813652,True
A2_103.wav,0.05585834011435509,True
A14_185.wav,0.05512777343392372,True
A14_45.wav,0.071476049721241,True
A11_103.wav,0.08201782405376434,True
A14_46.wav,0.07375577092170715,True
A19_94.wav,0.01696969009935856,True
A34_155.wav,0.09429830312728882,True
A23_158.wav,0.08418828994035721,True
A34_49.wav,0.08430064469575882,True
A23_4.wav,0.07547704875469208,True
A14_102.wav,0.06349696964025497,True
A11_196.wav,0.08801690489053726,True
A6_213.wav,0.06256607919931412,True
A32_0.wav,0.03901542350649834,True
A13_58.wav,0.05432788282632828,True
A7_109.wav,0.03632781654596329,True
A34_160.wav,0.06380166113376617,True
A33_38.wav,0.019368529319763184,True
A32_103.wav,0.05184301733970642,True
A14_215.wav,0.05009736865758896,True
A13_140.wav,0.04975998401641846,True
A32_135.wav,0.042977333068847656,True
A13_40.wav,0.06100917235016823,True
A12_66.wav,0.07865168899297714,True
A14_197.wav,0.04524705186486244,True
A6_232.wav,0.06391023099422455,True
A2_114.wav,0.04099736362695694,True
A11_95.wav,0.07366970926523209,True
A22_112.wav,0.07478728890419006,True
A22_126.wav,0.021993836387991905,True
A34_42.wav,0.060758329927921295,True
A13_166.wav,0.050005752593278885,True
A36_167.wav,0.007939482107758522,True
A2_244.wav,0.06308986991643906,True
A6_184.wav,0.07444241642951965,True
A22_244.wav,0.029520807787775993,True
A13_162.wav,0.0442080982029438,True
A23_120.wav,0.08043563365936279,True
A6_30.wav,0.0522991418838501,True
A6_155.wav,0.05381157994270325,True
A13_199.wav,0.04372715204954147,True
A14_169.wav,0.06740476936101913,True
A19_188.wav,0.02331133373081684,True
A12_121.wav,0.08787025511264801,True
A6_134.wav,0.06283015012741089,True
A6_234.wav,0.059080127626657486,True
A36_61.wav,0.015196535736322403,True
A2_112.wav,0.042903002351522446,True
A23_152.wav,0.06785199046134949,True
A23_201.wav,0.07934226095676422,True
A14_118.wav,0.0653902068734169,True
A7_180.wav,0.0748705193400383,True
A33_85.wav,0.020644046366214752,True
A22_235.wav,0.027636012062430382,True
A23_131.wav,0.06527698040008545,True
A19_199.wav,0.019249970093369484,True
A36_29.wav,0.016178743913769722,True
A19_128.wav,0.02736550197005272,True
A32_93.wav,0.058576907962560654,True
A2_147.wav,0.058530502021312714,True
A19_211.wav,0.02431487664580345,True
A23_172.wav,0.07293718308210373,True
A4_213.wav,0.03402628004550934,True
A36_12.wav,0.011990811675786972,True
A33_103.wav,0.019847450777888298,True
A34_198.wav,0.03210517391562462,True
A36_89.wav,0.014842655509710312,True
A19_57.wav,0.020817697048187256,True
A36_179.wav,0.00706459442153573,True
A7_0.wav,0.039387963712215424,True
A4_102.wav,0.05366821214556694,True
A36_10.wav,0.009254531003534794,True
A4_181.wav,0.03941647335886955,True
A2_242.wav,0.055337149649858475,True
A34_86.wav,0.07278905063867569,True
A6_3.wav,0.05910341069102287,True
A34_222.wav,0.03295496851205826,True
A34_81.wav,0.059516966342926025,True
A6_127.wav,0.053730517625808716,True
A33_54.wav,0.045154549181461334,True
A11_33.wav,0.09461457282304764,True
A19_96.wav,0.018075838685035706,True
A23_183.wav,0.05868455022573471,True
A34_152.wav,0.0673113465309143,True
A11_106.wav,0.08688663691282272,True
A33_102.wav,0.03876007720828056,True
A34_64.wav,0.0665997639298439,True
A4_129.wav,0.05637325718998909,True
A22_83.wav,0.07542266696691513,True
A4_182.wav,0.028985492885112762,True
A13_84.wav,0.04575880616903305,True
A19_155.wav,0.02372567355632782,True
A13_248.wav,0.05788815766572952,True
A22_6.wav,0.09944678097963333,True
A6_7.wav,0.06244610995054245,True
A36_97.wav,0.010526349768042564,True
A12_136.wav,0.07099442929029465,True
A12_108.wav,0.0705433189868927,True
A19_81.wav,0.030845265835523605,True
A23_13.wav,0.07024360448122025,True
A22_80.wav,0.05994708091020584,True
A12_93.wav,0.10326743125915527,True
A6_225.wav,0.058473486453294754,True
A11_117.wav,0.08337168395519257,True
A12_78.wav,0.09161169081926346,True
A12_97.wav,0.12024630606174469,True
A7_145.wav,0.039024874567985535,True
A4_48.wav,0.053286388516426086,True
A33_100.wav,0.02664785273373127,True
A2_43.wav,0.08055228739976883,True
A14_143.wav,0.04621649906039238,True
A32_200.wav,0.054190460592508316,True
A2_49.wav,0.0784798115491867,True
A11_159.wav,0.10048368573188782,True
A13_21.wav,0.04324451461434364,True
A19_230.wav,0.01959964446723461,True
A14_183.wav,0.04894809424877167,True
A19_205.wav,0.022956373170018196,True
A11_46.wav,0.05680658295750618,True
A32_128.wav,0.059292085468769073,True
A23_87.wav,0.06947536766529083,True
A4_174.wav,0.03647831082344055,True
A4_162.wav,0.04395980015397072,True
A19_204.wav,0.0255283210426569,True
A33_35.wav,0.02631743997335434,True
A13_119.wav,0.05960243195295334,True
A7_129.wav,0.04337308928370476,True
A14_51.wav,0.05760462209582329,True
A34_46.wav,0.06419259309768677,True
A14_101.wav,0.05783141404390335,True
A11_43.wav,0.07626663148403168,True
A34_98.wav,0.07199035584926605,True
A2_59.wav,0.05396416783332825,True
A32_55.wav,0.05868404358625412,True
A23_119.wav,0.07779192179441452,True
A36_224.wav,0.007490449585020542,True
A13_210.wav,0.05288304388523102,True
A7_178.wav,0.07037863880395889,True
A2_151.wav,0.05726882442831993,True
A34_88.wav,0.080530546605587,True
A14_60.wav,0.07781410962343216,True
A33_101.wav,0.05288190767168999,True
A22_115.wav,0.06435376405715942,True
A6_40.wav,0.03610974922776222,True
A13_130.wav,0.04176146537065506,True
A6_246.wav,0.04818739742040634,True
A2_162.wav,0.039732854813337326,True
A22_142.wav,0.020733194425702095,True
A4_59.wav,0.08238831162452698,True
A19_125.wav,0.021852320060133934,True
A4_138.wav,0.054608605802059174,True
A22_97.wav,0.06301908940076828,True
A36_56.wav,0.013531730510294437,True
A32_153.wav,0.06494291871786118,True
A13_206.wav,0.07035766541957855,True
A19_232.wav,0.02942064218223095,True
A11_91.wav,0.09280949831008911,True
A32_185.wav,0.08813370764255524,True
A11_219.wav,0.07071394473314285,True
A6_186.wav,0.06169313192367554,True
A32_171.wav,0.06708592176437378,True
A13_79.wav,0.04557935893535614,True
A36_91.wav,0.01956152729690075,True
A34_231.wav,0.03201925754547119,True
A6_54.wav,0.03812035918235779,True
A11_120.wav,0.04957970231771469,True
A14_229.wav,0.05595894530415535,True
A7_144.wav,0.03309740498661995,True
A32_118.wav,0.0449003204703331,True
A36_131.wav,0.010696036741137505,True
A34_234.wav,0.03350067138671875,True
A34_40.wav,0.09564676880836487,True
A23_132.wav,0.07755309343338013,True
A19_52.wav,0.02461719885468483,True
A12_7.wav,0.046267084777355194,True
A32_120.wav,0.043838851153850555,True
A23_42.wav,0.08201871067285538,True
A32_8.wav,0.0400446318089962,True
A12_25.wav,0.08388116210699081,True
A14_216.wav,0.04624851420521736,True
A11_3.wav,0.07389090210199356,True
A11_109.wav,0.08044251799583435,True
A34_0.wav,0.05602318048477173,True
A33_27.wav,0.01949429325759411,True
A2_161.wav,0.052104320377111435,True
A6_154.wav,0.05670103430747986,True
A13_205.wav,0.06508374959230423,True
A36_5.wav,0.0077919913455843925,True
A2_243.wav,0.07568654417991638,True
A33_56.wav,0.04797382652759552,True
A32_249.wav,0.057089921087026596,True
A19_73.wav,0.02878687158226967,True
A32_206.wav,0.06885126978158951,True
A4_97.wav,0.05451182648539543,True
A2_6.wav,0.05774211511015892,True
A36_7.wav,0.00826492253690958,True
A6_105.wav,0.05941282585263252,True
A11_220.wav,0.06815202534198761,True
A36_173.wav,0.008816427551209927,True
A6_220.wav,0.052506931126117706,True
A4_140.wav,0.06563844531774521,True
A2_247.wav,0.06621662527322769,True
A14_184.wav,0.054334018379449844,True
A19_209.wav,0.030038882046937943,True
A23_149.wav,0.08780129253864288,True
A2_27.wav,0.07203835994005203,True
A32_217.wav,0.04991723969578743,True
A19_168.wav,0.025576772168278694,True
A19_100.wav,0.017864763736724854,True
A14_239.wav,0.041640739887952805,True
A23_14.wav,0.0775025263428688,True
A33_62.wav,0.03922614827752113,True
A32_98.wav,0.04558905214071274,True
A6_115.wav,0.05071377754211426,True
A6_38.wav,0.04959482327103615,True
A32_5.wav,0.04810290411114693,True
A23_54.wav,0.08763213455677032,True
A32_1.wav,0.039026618003845215,True
A14_119.wav,0.05723411962389946,True
A4_209.wav,0.03836384043097496,True
A32_210.wav,0.05128958076238632,True
A12_48.wav,0.05902620032429695,True
A11_199.wav,0.0874813050031662,True
A34_184.wav,0.0735887959599495,True
A34_171.wav,0.06847131997346878,True
A13_172.wav,0.0479964055120945,True
A32_160.wav,0.07780680805444717,True
A12_37.wav,0.0838608667254448,True
A2_82.wav,0.06170148029923439,True
A22_152.wav,0.015797259286046028,True
A19_130.wav,0.023061320185661316,True
A36_118.wav,0.01037110760807991,True
A14_144.wav,0.05664132535457611,True
A2_235.wav,0.0789770856499672,True
A19_11.wav,0.023011498153209686,True
A22_52.wav,0.09224747121334076,True
A32_176.wav,0.06489267945289612,True
A34_139.wav,0.07339273393154144,True
A11_154.wav,0.09428064525127411,True
A23_8.wav,0.06947069615125656,True
A32_219.wav,0.02799801342189312,True
A14_225.wav,0.04760581627488136,True
A33_65.wav,0.08212533593177795,True
A32_188.wav,0.07223421335220337,True
A32_28.wav,0.08436424285173416,True
A32_20.wav,0.08051501959562302,True
A13_124.wav,0.04583548381924629,True
A6_215.wav,0.05634576827287674,True
A19_233.wav,0.02502318285405636,True
A13_63.wav,0.048230282962322235,True
A36_76.wav,0.01695042848587036,True
A7_159.wav,0.062188468873500824,True
A32_174.wav,0.05364319682121277,True
A36_48.wav,0.013831756077706814,True
A14_18.wav,0.053018487989902496,True
A14_148.wav,0.05504237860441208,True
A11_210.wav,0.07732605934143066,True
A6_47.wav,0.044236063957214355,True
A11_23.wav,0.11711549013853073,True
A36_151.wav,0.00847951415926218,True
A22_92.wav,0.0565570704638958,True
A34_170.wav,0.052993591874837875,True
A11_145.wav,0.07468578964471817,True
A13_3.wav,0.0658993050456047,True
A23_210.wav,0.055307067930698395,True
A2_132.wav,0.04956670477986336,True
A33_108.wav,0.01915055327117443,True
A11_144.wav,0.06826990842819214,True
A11_165.wav,0.07003332674503326,True
A6_231.wav,0.06114417314529419,True
A13_117.wav,0.049390703439712524,True
A14_37.wav,0.07421655207872391,True
A14_214.wav,0.04118836671113968,True
A7_127.wav,0.05898274481296539,True
A4_200.wav,0.03851369395852089,True
A13_197.wav,0.036058127880096436,True
A7_18.wav,0.024424303323030472,True
A2_25.wav,0.0657711997628212,True
A2_66.wav,0.06117794290184975,True
A13_98.wav,0.05850639566779137,True
A19_122.wav,0.01972614973783493,True
A19_216.wav,0.024420123547315598,True
A6_248.wav,0.04709215834736824,True
A2_116.wav,0.05793698877096176,True
A22_19.wav,0.062411416321992874,True
A4_65.wav,0.030672544613480568,True
A11_188.wav,0.09610871970653534,True
A34_99.wav,0.07240597903728485,True
A19_44.wav,0.024603866040706635,True
A23_121.wav,0.0919281542301178,True
A23_144.wav,0.07349003106355667,True
A6_113.wav,0.04287959635257721,True
A4_214.wav,0.03907904028892517,True
A11_105.wav,0.1078374832868576,True
A13_190.wav,0.06676307320594788,True
A33_3.wav,0.02396390587091446,True
A12_75.wav,0.07673338055610657,True
A6_158.wav,0.06595887243747711,True
A6_143.wav,0.048985593020915985,True
A4_115.wav,0.055965572595596313,True
A14_130.wav,0.05202215909957886,True
A12_98.wav,0.09386807680130005,True
A23_6.wav,0.08080124855041504,True
A19_243.wav,0.024710409343242645,True
A4_112.wav,0.06754687428474426,True
A34_65.wav,0.07626963406801224,True
A6_85.wav,0.05373445898294449,True
A13_48.wav,0.04902619123458862,True
A7_188.wav,0.05364752933382988,True
A12_69.wav,0.08021469414234161,True
A14_211.wav,0.04407603293657303,True
A11_130.wav,0.07380425184965134,True
A22_124.wav,0.022589242085814476,True
A34_54.wav,0.06334343552589417,True
A11_66.wav,0.10004780441522598,True
A13_141.wav,0.04995664209127426,True
A34_112.wav,0.09329632669687271,True
A32_230.wav,0.05002854764461517,True
A7_176.wav,0.05047282204031944,True
A13_136.wav,0.05114349350333214,True
A19_48.wav,0.0199460256844759,True
A11_122.wav,0.1158275306224823,True
A34_114.wav,0.07029377669095993,True
A6_76.wav,0.07769453525543213,True
A13_228.wav,0.06058920547366142,True
A19_115.wav,0.018208373337984085,True
A23_176.wav,0.07556529343128204,True
A33_97.wav,0.023453399538993835,True
A4_128.wav,0.05939916893839836,True
A34_110.wav,0.0589563213288784,True
A19_178.wav,0.02256770245730877,True
A33_73.wav,0.03914521262049675,True
A7_179.wav,0.06765695661306381,True
A13_76.wav,0.054229266941547394,True
A13_16.wav,0.04869607090950012,True
A11_74.wav,0.09084449708461761,True
A32_168.wav,0.07000759989023209,True
A4_34.wav,0.039514120668172836,True
A4_155.wav,0.04964263364672661,True
A23_18.wav,0.09303157776594162,True
A36_210.wav,0.007055728696286678,True
A13_1.wav,0.05334048345685005,True
A4_117.wav,0.03989183157682419,True
A34_18.wav,0.0730690285563469,True
A34_237.wav,0.0398610383272171,True
A32_159.wav,0.06046111881732941,True
A36_227.wav,0.010098005644977093,True
A32_66.wav,0.05975346267223358,True
A6_139.wav,0.0497453510761261,True
A22_1.wav,0.09098757058382034,True
A33_67.wav,0.0713454931974411,True
A34_179.wav,0.05510696768760681,True
A14_222.wav,0.04499238729476929,True
A6_241.wav,0.059934768825769424,True
A22_224.wav,0.030761264264583588,True
A11_234.wav,0.11423509567975998,True
A36_17.wav,0.010347288101911545,True
A4_148.wav,0.04505223408341408,True
A36_39.wav,0.013382797129452229,True
A6_152.wav,0.0494571290910244,True
A13_29.wav,0.05896233767271042,True
A19_231.wav,0.026744937524199486,True
A11_69.wav,0.0913374274969101,True
A14_153.wav,0.05926575884222984,True
A2_149.wav,0.055246319621801376,True
A4_26.wav,0.02689458802342415,True
A6_126.wav,0.04411931708455086,True
A11_242.wav,0.09423711895942688,True
A14_122.wav,0.054059915244579315,True
A22_23.wav,0.07492299377918243,True
A23_76.wav,0.09923672676086426,True
A2_133.wav,0.046487465500831604,True
A32_195.wav,0.06743619590997696,True
A22_31.wav,0.07887294143438339,True
A34_249.wav,0.03107198141515255,True
A14_235.wav,0.05853685736656189,True
A4_193.wav,0.05784013122320175,True
A22_22.wav,0.08134666830301285,True
A11_42.wav,0.06070804223418236,True
A6_166.wav,0.06524564325809479,True
A4_86.wav,0.03698325157165527,True
A23_217.wav,0.08787166327238083,True
A13_5.wav,0.04692492261528969,True
A19_12.wav,0.02823999896645546,True
A13_187.wav,0.06914016604423523,True
A13_122.wav,0.06175611913204193,True
A11_96.wav,0.07723280787467957,True
A36_213.wav,0.008380117826163769,True
A22_84.wav,0.07635822892189026,True
A7_172.wav,0.056450389325618744,True
A36_24.wav,0.011629875749349594,True
A19_171.wav,0.028403956443071365,True
A4_98.wav,0.048556528985500336,True
A34_25.wav,0.05472397804260254,True
A6_116.wav,0.04526575282216072,True
A4_113.wav,0.050046682357788086,True
A22_158.wav,0.022455228492617607,True
A6_93.wav,0.054372504353523254,True
A36_117.wav,0.010473892092704773,True
A19_82.wav,0.029948636889457703,True
A6_83.wav,0.059111401438713074,True
A4_41.wav,0.0704113245010376,True
A6_19.wav,0.09358138591051102,True
A23_100.wav,0.0738818570971489,True
A6_187.wav,0.07153035700321198,True
A2_155.wav,0.04968602955341339,True
A6_164.wav,0.0625803992152214,True
A6_198.wav,0.06563163548707962,True
A23_19.wav,0.0801633670926094,True
A36_4.wav,0.007141336798667908,True
A32_88.wav,0.06643109768629074,True
A11_76.wav,0.08421454578638077,True
A22_212.wav,0.025754760950803757,True
A2_218.wav,0.08382847160100937,True
A36_15.wav,0.011287679895758629,True
A6_45.wav,0.03808024898171425,True
A32_170.wav,0.050382260233163834,True
A22_169.wav,0.023750262334942818,True
A4_49.wav,0.09139384329319,True
A23_55.wav,0.08132123947143555,True
A2_16.wav,0.04394252970814705,True
A2_152.wav,0.04391486197710037,True
A6_16.wav,0.05846746638417244,True
A23_215.wav,0.07835956662893295,True
A36_70.wav,0.014048462733626366,True
A34_173.wav,0.07205633819103241,True
A13_57.wav,0.04421541094779968,True
A14_132.wav,0.05785400792956352,True
A19_229.wav,0.024286573752760887,True
A23_163.wav,0.06965027004480362,True
A6_29.wav,0.05738235265016556,True
A19_27.wav,0.02072201482951641,True
A22_63.wav,0.07460231333971024,True
A14_70.wav,0.07683033496141434,True
A19_89.wav,0.02382851205766201,True
A14_89.wav,0.058802396059036255,True
A13_56.wav,0.060392286628484726,True
A22_139.wav,0.018668055534362793,True
A19_213.wav,0.02421247772872448,True
A13_144.wav,0.047616567462682724,True
A6_219.wav,0.05540502816438675,True
A7_110.wav,0.026590827852487564,True
A19_198.wav,0.02516983076930046,True
A6_149.wav,0.057531751692295074,True
A32_91.wav,0.04600496590137482,True
A32_50.wav,0.06548445671796799,True
A4_234.wav,0.06984862685203552,True
A7_190.wav,0.06261713802814484,True
A34_122.wav,0.09121756255626678,True
A2_246.wav,0.07620232552289963,True
A13_82.wav,0.044211432337760925,True
A36_247.wav,0.008808659389615059,True
A2_91.wav,0.05946633219718933,True
A22_160.wav,0.020606329664587975,True
A14_246.wav,0.041196029633283615,True
A36_54.wav,0.015634635463356972,True
A19_217.wav,0.02555728331208229,True
A14_221.wav,0.050837721675634384,True
A2_245.wav,0.062351908534765244,True
A6_20.wav,0.04910527914762497,True
A7_162.wav,0.06508869677782059,True
A23_118.wav,0.0652446448802948,True
A12_77.wav,0.12020154297351837,True
A32_47.wav,0.056196775287389755,True
A34_33.wav,0.05331021919846535,True
A4_122.wav,0.03686201944947243,True
A7_158.wav,0.021935133263468742,True
A4_164.wav,0.04667489603161812,True
A23_213.wav,0.05693886801600456,True
A13_99.wav,0.048162367194890976,True
A7_141.wav,0.03387932851910591,True
A34_5.wav,0.06707847863435745,True
A4_183.wav,0.039539434015750885,True
A32_74.wav,0.05409247800707817,True
A13_54.wav,0.05620644986629486,True
A2_119.wav,0.052253976464271545,True
A23_227.wav,0.04996312037110329,True
A23_218.wav,0.07854783535003662,True
A36_153.wav,0.012048962526023388,True
A34_8.wav,0.07915495336055756,True
A32_15.wav,0.0771227553486824,True
A11_243.wav,0.10697241127490997,True
A32_99.wav,0.0483633317053318,True
A33_16.wav,0.07525324821472168,True
A36_174.wav,0.009175045415759087,True
A19_90.wav,0.026540987193584442,True
A11_37.wav,0.06966175138950348,True
A34_50.wav,0.08118883520364761,True
A11_41.wav,0.08527708798646927,True
A14_201.wav,0.05276200920343399,True
A12_43.wav,0.09803085774183273,True
A22_100.wav,0.056388624012470245,True
A23_239.wav,0.048563625663518906,True
A11_183.wav,0.055722203105688095,True
A2_52.wav,0.07258301228284836,True
A36_176.wav,0.010004413314163685,True
A19_79.wav,0.03595780208706856,True
A33_15.wav,0.018747949972748756,True
A22_165.wav,0.020595574751496315,True
A36_51.wav,0.014515857212245464,True
A11_108.wav,0.09401089698076248,True
A32_178.wav,0.06762020289897919,True
A2_145.wav,0.052252963185310364,True
A32_169.wav,0.07190176099538803,True
A13_233.wav,0.04796602576971054,True
A11_62.wav,0.08257953822612762,True
A32_72.wav,0.0685175210237503,True
A6_214.wav,0.049991294741630554,True
A2_190.wav,0.043201886117458344,True
A4_157.wav,0.06230233982205391,True
A2_7.wav,0.042060982435941696,True
A33_90.wav,0.0216660313308239,True
A11_162.wav,0.06674662232398987,True
A19_77.wav,0.028644420206546783,True
A22_208.wav,0.02230958454310894,True
A13_90.wav,0.04927177354693413,True
A23_198.wav,0.0761624351143837,True
A34_150.wav,0.07507775723934174,True
A7_114.wav,0.031453970819711685,True
A12_131.wav,0.06278035044670105,True
A11_166.wav,0.07167819887399673,True
A36_157.wav,0.010339123196899891,True
A33_53.wav,0.027010055258870125,True
A6_135.wav,0.05080347880721092,True
A2_224.wav,0.06777419149875641,True
A19_140.wav,0.01987438276410103,True
A22_135.wav,0.018762322142720222,True
A13_154.wav,0.04689421504735947,True
A4_186.wav,0.0369710847735405,True
A6_58.wav,0.0565708689391613,True
A11_11.wav,0.12313680350780487,True
A2_107.wav,0.06124452129006386,True
A7_124.wav,0.04771506413817406,True
A19_1.wav,0.02544284239411354,True
A12_114.wav,0.07023964077234268,True
A4_95.wav,0.061057306826114655,True
A19_177.wav,0.01854602061212063,True
A33_1.wav,0.06931009143590927,True
A12_40.wav,0.07675361633300781,True
A13_139.wav,0.06689678877592087,True
A22_107.wav,0.08462608605623245,True
A19_101.wav,0.017478076741099358,True
A34_176.wav,0.0742514356970787,True
A2_33.wav,0.06116462126374245,True
A22_220.wav,0.020675988867878914,True
A2_184.wav,0.05912317708134651,True
A23_175.wav,0.08006295561790466,True
A4_231.wav,0.07551442831754684,True
A4_69.wav,0.09006565064191818,True
A6_72.wav,0.08466974645853043,True
A36_6.wav,0.01622455194592476,True
A22_119.wav,0.07431426644325256,True
A23_194.wav,0.05971428006887436,True
A36_170.wav,0.009699231944978237,True
A36_143.wav,0.010034307837486267,True
A36_65.wav,0.013653785921633244,True
A34_119.wav,0.0772121325135231,True
A23_137.wav,0.07064244896173477,True
A32_46.wav,0.054029833525419235,True
A33_75.wav,0.018947502598166466,True
A36_127.wav,0.008722485043108463,True
A23_64.wav,0.07222390174865723,True
A19_183.wav,0.025952214375138283,True
A12_19.wav,0.05831217020750046,True
A11_138.wav,0.09867795556783676,True
A34_103.wav,0.090934157371521,True
A32_57.wav,0.04391030594706535,True
A11_131.wav,0.0645507350564003,True
A19_61.wav,0.021279901266098022,True
A11_158.wav,0.09532064944505692,True
A23_7.wav,0.08175143599510193,True
A7_177.wav,0.05636917054653168,True
A23_39.wav,0.1053018644452095,True
A34_225.wav,0.030215410515666008,True
A32_24.wav,0.08101250231266022,True
A4_159.wav,0.03701505810022354,True
A2_2.wav,0.043345481157302856,True
A14_3.wav,0.053471822291612625,True
A11_26.wav,0.06976992636919022,True
A13_106.wav,0.060658637434244156,True
A6_114.wav,0.05461740121245384,True
A36_242.wav,0.009360630065202713,True
A36_189.wav,0.008960983715951443,True
A13_36.wav,0.050416383892297745,True
A6_96.wav,0.05116250738501549,True
A19_119.wav,0.01906379498541355,True
A34_37.wav,0.05010340362787247,True
A22_14.wav,0.05677475035190582,True
A34_83.wav,0.06126438081264496,True
A34_202.wav,0.024969425052404404,True
A34_111.wav,0.07683896273374557,True
A11_235.wav,0.09306131303310394,True
A11_97.wav,0.09087741374969482,True
A7_107.wav,0.03645213320851326,True
A33_44.wav,0.04158564656972885,True
A19_161.wav,0.026835590600967407,True
A23_97.wav,0.07557959854602814,True
A2_128.wav,0.05973077565431595,True
A4_190.wav,0.042002081871032715,True
A34_48.wav,0.05703415721654892,True
A34_243.wav,0.03974718227982521,True
A23_161.wav,0.09754164516925812,True
A13_193.wav,0.060638003051280975,True
A22_239.wav,0.018358098343014717,True
A23_115.wav,0.08473560959100723,True
A23_92.wav,0.07071880996227264,True
A32_190.wav,0.09073780477046967,True
A32_164.wav,0.07279376685619354,True
A34_21.wav,0.07795252650976181,True
A32_64.wav,0.058648448437452316,True
A2_14.wav,0.03554622828960419,True
A6_245.wav,0.0915013924241066,True
A13_121.wav,0.06447452306747437,True
A11_73.wav,0.08899222314357758,True
A14_244.wav,0.045140340924263,True
A11_29.wav,0.07865602523088455,True
A11_88.wav,0.0813550278544426,True
A23_117.wav,0.09210092574357986,True
A36_96.wav,0.014224803075194359,True
A36_25.wav,0.0121068824082613,True
A2_165.wav,0.040207020938396454,True
A32_182.wav,0.04264676198363304,True
A34_163.wav,0.06398263573646545,True
A2_118.wav,0.05563877895474434,True
A2_220.wav,0.08056020736694336,True
A36_218.wav,0.008617421612143517,True
A13_204.wav,0.05230959132313728,True
A12_2.wav,0.050969768315553665,True
A12_105.wav,0.08038827776908875,True
A19_36.wav,0.020903481170535088,True
A36_63.wav,0.014055930078029633,True
A36_229.wav,0.008805416524410248,True
A23_114.wav,0.06746155023574829,True
A11_151.wav,0.06099430099129677,True
A32_78.wav,0.050676748156547546,True
A4_139.wav,0.05704880505800247,True
A14_134.wav,0.058888163417577744,True
A23_154.wav,0.08751119673252106,True
A13_92.wav,0.052151743322610855,True
A36_223.wav,0.006909033749252558,True
A32_191.wav,0.06905009597539902,True
A11_215.wav,0.09020248055458069,True
A7_131.wav,0.030274301767349243,True
A13_217.wav,0.05959160253405571,True
A22_242.wav,0.023934824392199516,True
A32_202.wav,0.04701685160398483,True
A19_99.wav,0.018946563825011253,True
A4_93.wav,0.04999924078583717,True
A32_110.wav,0.06111610680818558,True
A13_113.wav,0.04392010346055031,True
A6_138.wav,0.053008951246738434,True
A22_18.wav,0.06554130464792252,True
A11_204.wav,0.09683302789926529,True
A13_61.wav,0.0545831136405468,True
A6_62.wav,0.042798932641744614,True
A4_130.wav,0.05288460850715637,True
A11_126.wav,0.07936061918735504,True
A35_2.wav,0.030864018946886063,True
A13_13.wav,0.04424891620874405,True
A34_158.wav,0.06032806634902954,True
A13_4.wav,0.0518045574426651,True
A14_237.wav,0.04979424178600311,True
A34_116.wav,0.06527242064476013,True
A19_53.wav,0.029934514313936234,True
A33_69.wav,0.0267650056630373,True
A34_71.wav,0.07383977621793747,True
A2_166.wav,0.048787619918584824,True
A19_179.wav,0.022235572338104248,True
A14_205.wav,0.044944945722818375,True
A34_87.wav,0.06330499053001404,True
A36_35.wav,0.015493309125304222,True
A12_30.wav,0.0743829607963562,True
A23_58.wav,0.07295993715524673,True
A22_144.wav,0.01646067202091217,True
A19_15.wav,0.028855323791503906,True
A22_225.wav,0.021293869242072105,True
A2_74.wav,0.04959220811724663,True
A6_174.wav,0.06387308239936829,True
A13_223.wav,0.03621123358607292,True
A6_9.wav,0.06219859421253204,True
A32_26.wav,0.08010556548833847,True
A12_29.wav,0.09327669441699982,True
A23_66.wav,0.08226309716701508,True
A32_145.wav,0.04226481169462204,True
A14_133.wav,0.05995267257094383,True
A12_41.wav,0.0750659704208374,True
A33_57.wav,0.04684263840317726,True
A19_152.wav,0.01931246742606163,True
A6_229.wav,0.06603673845529556,True
A14_136.wav,0.056284431368112564,True
A6_178.wav,0.06880402565002441,True
A34_242.wav,0.03190693259239197,True
A34_157.wav,0.060820430517196655,True
A36_72.wav,0.015867268666625023,True
A36_209.wav,0.010391376912593842,True
A33_9.wav,0.035717811435461044,True
A19_212.wav,0.023324010893702507,True
A34_29.wav,0.07163283973932266,True
A19_145.wav,0.024038342759013176,True
A13_131.wav,0.042421381920576096,True
A23_188.wav,0.07691504061222076,True
A6_175.wav,0.07253909111022949,True
A34_20.wav,0.07178893685340881,True
A4_9.wav,0.033366549760103226,True
A14_4.wav,0.06153632327914238,True
A32_201.wav,0.04048829898238182,True
A33_52.wav,0.03553486987948418,True
A34_30.wav,0.06153208389878273,True
A23_221.wav,0.06019000709056854,True
A12_86.wav,0.09227337688207626,True
A19_9.wav,0.023639431223273277,True
A22_39.wav,0.10224521160125732,True
A2_54.wav,0.09136640280485153,True
A36_59.wav,0.01206723228096962,True
A23_34.wav,0.09377817809581757,True
A4_221.wav,0.04053333029150963,True
A2_157.wav,0.043092116713523865,True
A13_241.wav,0.048297539353370667,True
A32_141.wav,0.051192279905080795,True
A32_25.wav,0.058832500129938126,True
A13_126.wav,0.06909482181072235,True
A11_0.wav,0.08191505819559097,True
A32_152.wav,0.04684130847454071,True
A11_31.wav,0.11316345632076263,True
A13_221.wav,0.06225648522377014,True
A11_54.wav,0.06234748288989067,True
A32_239.wav,0.04350695759057999,True
A6_224.wav,0.0587608776986599,True
A4_226.wav,0.06393115222454071,True
A32_18.wav,0.06690140068531036,True
A11_28.wav,0.08207014948129654,True
A36_136.wav,0.012567886151373386,True
A22_234.wav,0.024433396756649017,True
A22_249.wav,0.025556057691574097,True
A13_71.wav,0.0569002740085125,True
A11_176.wav,0.10317737609148026,True
A2_126.wav,0.07288281619548798,True
A33_46.wav,0.04195006191730499,True
A23_60.wav,0.08773864060640335,True
A19_72.wav,0.028406333178281784,True
A7_105.wav,0.03323102369904518,True
A14_14.wav,0.053633011877536774,True
A6_64.wav,0.0600714311003685,True
A32_92.wav,0.053085681051015854,True
A23_89.wav,0.06201985105872154,True
A6_26.wav,0.06876511126756668,True
A2_134.wav,0.058826640248298645,True
A14_220.wav,0.039636556059122086,True
A35_1.wav,0.03100697509944439,True
A19_174.wav,0.01912715658545494,True
A36_137.wav,0.009998100809752941,True
A32_68.wav,0.05084487050771713,True
A36_196.wav,0.010241900570690632,True
A22_137.wav,0.016202284023165703,True
A36_180.wav,0.00936963502317667,True
A23_35.wav,0.07919082045555115,True
A32_90.wav,0.0605417937040329,True
A34_214.wav,0.030456697568297386,True
A11_194.wav,0.08471062779426575,True
A22_202.wav,0.021962201222777367,True
A11_67.wav,0.09417987614870071,True
A13_105.wav,0.05551596358418465,True
A2_189.wav,0.03873961791396141,True
A14_226.wav,0.042545028030872345,True
A33_107.wav,0.021914256736636162,True
A32_146.wav,0.057481661438941956,True
A34_172.wav,0.061180368065834045,True
A19_26.wav,0.0173285324126482,True
A6_108.wav,0.054625678807497025,True
A34_185.wav,0.08143754303455353,True
A34_26.wav,0.05217025429010391,True
A2_138.wav,0.06260009855031967,True
A23_124.wav,0.08241139352321625,True
A13_225.wav,0.06087975949048996,True
A19_95.wav,0.020473210141062737,True
A2_79.wav,0.057769231498241425,True
A7_135.wav,0.03006035089492798,True
A11_237.wav,0.06445275247097015,True
A13_35.wav,0.05121193453669548,True
A19_68.wav,0.029165800660848618,True
A6_236.wav,0.055222850292921066,True
A36_220.wav,0.00819383841007948,True
A22_57.wav,0.06525386869907379,True
A22_145.wav,0.019012771546840668,True
A12_119.wav,0.08353588730096817,True
A22_10.wav,0.08078593760728836,True
A19_215.wav,0.02774393931031227,True
A11_222.wav,0.07116685807704926,True
A14_160.wav,0.04297561198472977,True
A23_178.wav,0.0779823586344719,True
A7_147.wav,0.037049487233161926,True
A19_71.wav,0.02705352008342743,True
A19_22.wav,0.022243263199925423,True
A22_44.wav,0.05647673457860947,True
A4_50.wav,0.07076870650053024,True
A12_85.wav,0.07366631925106049,True
A32_197.wav,0.042498629540205,True
A13_196.wav,0.07728894799947739,True
A22_94.wav,0.06040053442120552,True
A32_189.wav,0.0948268324136734,True
A13_51.wav,0.0515584871172905,True
A36_205.wav,0.009598826989531517,True
A7_13.wav,0.030895685777068138,True
A7_10.wav,0.025233864784240723,True
A22_58.wav,0.07124564796686172,True
A36_20.wav,0.013227840885519981,True
A19_40.wav,0.020296771079301834,True
A32_38.wav,0.08460728824138641,True
A11_227.wav,0.10017208755016327,True
A22_223.wav,0.019229065626859665,True
A32_33.wav,0.06996725499629974,True
A13_93.wav,0.05943445861339569,True
A23_67.wav,0.07045450806617737,True
A13_142.wav,0.04613758996129036,True
A14_57.wav,0.056324783712625504,True
A12_8.wav,0.06061136722564697,True
A14_182.wav,0.05211533606052399,True
A12_113.wav,0.06190507113933563,True
A6_227.wav,0.07862723618745804,True
A13_19.wav,0.04865425080060959,True
A12_62.wav,0.07187724113464355,True
A34_195.wav,0.026114284992218018,True
A32_34.wav,0.06319793313741684,True
A7_168.wav,0.06257884204387665,True
A19_247.wav,0.024253221228718758,True
A11_229.wav,0.08579926937818527,True
A36_11.wav,0.010144866071641445,True
A19_202.wav,0.022644374519586563,True
A23_177.wav,0.08889193087816238,True
A4_156.wav,0.049673452973365784,True
A2_137.wav,0.0549544095993042,True
A32_44.wav,0.04762197658419609,True
A6_89.wav,0.05276348441839218,True
A36_49.wav,0.014662924222648144,True
A6_97.wav,0.05235077813267708,True
A19_51.wav,0.02457941696047783,True
A11_110.wav,0.08010134845972061,True
A7_14.wav,0.024409793317317963,True
A36_152.wav,0.008791232481598854,True
A6_239.wav,0.04388675466179848,True
A22_98.wav,0.07246534526348114,True
A14_25.wav,0.050934843719005585,True
A36_74.wav,0.012020964175462723,True
A13_211.wav,0.07143156975507736,True
A33_2.wav,0.03994728997349739,True
A32_179.wav,0.05356685444712639,True
A32_183.wav,0.05782105401158333,True
A36_236.wav,0.00823389831930399,True
A19_16.wav,0.025990519672632217,True
A36_138.wav,0.010409394279122353,True
A23_182.wav,0.05036146193742752,True
A2_89.wav,0.06057878956198692,True
A33_95.wav,0.043681755661964417,True
A19_137.wav,0.015897899866104126,True
A19_146.wav,0.020441289991140366,True
A33_74.wav,0.02074144408106804,True
A13_81.wav,0.04962075129151344,True
A19_43.wav,0.025063754990696907,True
A12_144.wav,0.07544536143541336,True
A33_39.wav,0.019362695515155792,True
A7_12.wav,0.027787545695900917,True
A2_154.wav,0.04290812835097313,True
A36_85.wav,0.013947107829153538,True
A36_44.wav,0.014156018383800983,True
A11_137.wav,0.0925300121307373,True
A22_138.wav,0.017279136925935745,True
A34_137.wav,0.061771225184202194,True
A22_178.wav,0.022085480391979218,True
A22_30.wav,0.07501011341810226,True
A32_155.wav,0.06853146106004715,True
A19_200.wav,0.027659669518470764,True
A11_87.wav,0.0827055349946022,True
A19_59.wav,0.02535828948020935,True
A23_73.wav,0.07289291173219681,True
A22_195.wav,0.02141178771853447,True
A13_115.wav,0.05982397124171257,True
A6_110.wav,0.052778247743844986,True
A22_219.wav,0.022081878036260605,True
A6_87.wav,0.06620466709136963,True
A14_68.wav,0.07493731379508972,True
A22_159.wav,0.021493885666131973,True
A14_170.wav,0.058497216552495956,True
A4_90.wav,0.056709203869104385,True
A23_49.wav,0.11254207044839859,True
A6_28.wav,0.05670632794499397,True
A14_67.wav,0.07439049333333969,True
A14_191.wav,0.04418443888425827,True
A12_73.wav,0.09443750977516174,True
A32_27.wav,0.07746320217847824,True
A11_178.wav,0.07277770340442657,True
A32_95.wav,0.04850642383098602,True
A32_224.wav,0.04981876164674759,True
A23_186.wav,0.08151161670684814,True
A19_49.wav,0.028793830424547195,True
A14_72.wav,0.06083106994628906,True
A32_126.wav,0.05719590187072754,True
A34_39.wav,0.09827930480241776,True
A22_12.wav,0.06415128707885742,True
A23_29.wav,0.09377098083496094,True
A11_70.wav,0.07767491787672043,True
A23_83.wav,0.07410141825675964,True
A34_109.wav,0.08455677330493927,True
A2_230.wav,0.07291733473539352,True
A36_177.wav,0.010184685699641705,True
A32_36.wav,0.0809503123164177,True
A14_131.wav,0.04927928373217583,True
A12_95.wav,0.09726700931787491,True
A4_197.wav,0.057765696197748184,True
A32_109.wav,0.06573504954576492,True
A23_231.wav,0.07040053606033325,True
A33_88.wav,0.039449598640203476,True
A6_163.wav,0.08207050710916519,True
A23_59.wav,0.0847255289554596,True
A13_23.wav,0.04903189465403557,True
A7_149.wav,0.034333545714616776,True
A19_18.wav,0.02498377114534378,True
A12_28.wav,0.06210925057530403,True
fake_zh_speaker_9_ID_176.wav,0.06188144162297249,False
fake_zh_speaker_1_ID_88.wav,0.09609521925449371,False
fake_zh_speaker_1_ID_62.wav,0.04878004640340805,False
fake_zh_speaker_1_ID_79.wav,0.10565372556447983,False
fake_zh_speaker_2_ID_118.wav,0.07965849339962006,False
fake_zh_speaker_1_ID_89.wav,0.07825853675603867,False
fake_zh_speaker_1_ID_82.wav,0.08097781985998154,False
fake_zh_speaker_2_ID_116.wav,0.041096825152635574,False
fake_zh_speaker_3_ID_125.wav,0.03825367987155914,False
fake_zh_speaker_9_ID_181.wav,0.08509693294763565,False
fake_zh_speaker_1_ID_86.wav,0.061195701360702515,False
fake_zh_speaker_1_ID_69.wav,0.0696292519569397,False
fake_zh_speaker_1_ID_95.wav,0.059828851372003555,False
fake_zh_speaker_9_ID_174.wav,0.051530621945858,False
fake_zh_speaker_0_ID_32.wav,0.038332436233758926,False
fake_zh_speaker_0_ID_50.wav,0.05660833418369293,False
fake_zh_speaker_0_ID_23.wav,0.06499581038951874,False
fake_zh_speaker_4_ID_155.wav,0.04129241034388542,False
fake_zh_speaker_3_ID_141.wav,0.026948342099785805,False
fake_zh_speaker_0_ID_34.wav,0.06552811712026596,False
fake_zh_speaker_4_ID_154.wav,0.06882249563932419,False
fake_zh_speaker_9_ID_199.wav,0.06415249407291412,False
fake_zh_speaker_0_ID_56.wav,0.04855939373373985,False
fake_zh_speaker_0_ID_49.wav,0.045531176030635834,False
fake_zh_speaker_0_ID_47.wav,0.04624610394239426,False
fake_zh_speaker_0_ID_59.wav,0.05187566950917244,False
fake_zh_speaker_9_ID_182.wav,0.0727517232298851,False
fake_zh_speaker_9_ID_166.wav,0.09624513238668442,False
fake_zh_speaker_2_ID_114.wav,0.08644276857376099,False
fake_zh_speaker_0_ID_58.wav,0.0704694464802742,False
fake_zh_speaker_0_ID_9.wav,0.05510394647717476,False
fake_zh_speaker_9_ID_197.wav,0.06954943388700485,False
fake_zh_speaker_0_ID_44.wav,0.06172036752104759,False
fake_zh_speaker_3_ID_124.wav,0.026751967146992683,False
fake_zh_speaker_4_ID_146.wav,0.08811032772064209,False
fake_zh_speaker_1_ID_98.wav,0.09654246270656586,False
fake_zh_speaker_0_ID_40.wav,0.0384230762720108,False
fake_zh_speaker_2_ID_111.wav,0.09263841062784195,False
fake_zh_speaker_4_ID_156.wav,0.06335573643445969,False
fake_zh_speaker_4_ID_144.wav,0.03125344589352608,False
fake_zh_speaker_1_ID_73.wav,0.07318499684333801,False
fake_zh_speaker_0_ID_37.wav,0.057991813868284225,False
fake_zh_speaker_0_ID_42.wav,0.060116030275821686,False
fake_zh_speaker_9_ID_185.wav,0.08881964534521103,False
fake_zh_speaker_9_ID_167.wav,0.07362760603427887,False
fake_zh_speaker_2_ID_119.wav,0.07389117777347565,False
fake_zh_speaker_4_ID_160.wav,0.052906882017850876,False
fake_zh_speaker_9_ID_188.wav,0.04586581140756607,False
fake_zh_speaker_0_ID_15.wav,0.04494066908955574,False
fake_zh_speaker_2_ID_121.wav,0.08329850435256958,False
fake_zh_speaker_0_ID_51.wav,0.06295697391033173,False
fake_zh_speaker_0_ID_25.wav,0.018220961093902588,False
fake_zh_speaker_4_ID_143.wav,0.049544189125299454,False
fake_zh_speaker_2_ID_103.wav,0.08040933310985565,False
fake_zh_speaker_0_ID_30.wav,0.06529313325881958,False
fake_zh_speaker_3_ID_135.wav,0.04322943091392517,False
fake_zh_speaker_1_ID_97.wav,0.05963112413883209,False
fake_zh_speaker_3_ID_127.wav,0.03303151577711105,False
fake_zh_speaker_0_ID_43.wav,0.06640170514583588,False
fake_zh_speaker_1_ID_64.wav,0.06667175143957138,False
fake_zh_speaker_2_ID_120.wav,0.08934002369642258,False
fake_zh_speaker_1_ID_101.wav,0.08252621442079544,False
fake_zh_speaker_1_ID_94.wav,0.0874926820397377,False
fake_zh_speaker_2_ID_110.wav,0.10902436077594757,False
fake_zh_speaker_9_ID_170.wav,0.06255403906106949,False
fake_zh_speaker_0_ID_7.wav,0.04690917208790779,False
fake_zh_speaker_2_ID_102.wav,0.038269467651844025,False
fake_zh_speaker_0_ID_60.wav,0.04893963783979416,False
fake_zh_speaker_1_ID_93.wav,0.08904208242893219,False
fake_zh_speaker_0_ID_45.wav,0.05304093658924103,False
fake_zh_speaker_0_ID_2.wav,0.052867718040943146,False
fake_zh_speaker_0_ID_19.wav,0.04540478438138962,False
fake_zh_speaker_1_ID_91.wav,0.07769978791475296,False
fake_zh_speaker_2_ID_117.wav,0.08179955184459686,False
fake_zh_speaker_0_ID_24.wav,0.06235770508646965,False
fake_zh_speaker_0_ID_29.wav,0.06529787182807922,False
fake_zh_speaker_9_ID_196.wav,0.06870729476213455,False
fake_zh_speaker_1_ID_70.wav,0.08476098626852036,False
fake_zh_speaker_0_ID_54.wav,0.04198808968067169,False
fake_zh_speaker_1_ID_85.wav,0.07451646029949188,False
fake_zh_speaker_9_ID_172.wav,0.05393292382359505,False
fake_zh_speaker_1_ID_66.wav,0.08172295242547989,False
fake_zh_speaker_1_ID_83.wav,0.09516983479261398,False
fake_zh_speaker_4_ID_150.wav,0.06897249817848206,False
fake_zh_speaker_0_ID_4.wav,0.05212857201695442,False
fake_zh_speaker_9_ID_173.wav,0.04972701147198677,False
fake_zh_speaker_9_ID_177.wav,0.07008278369903564,False
fake_zh_speaker_0_ID_21.wav,0.05097683519124985,False
fake_zh_speaker_1_ID_80.wav,0.07810021191835403,False
fake_zh_speaker_0_ID_38.wav,0.045106034725904465,False
fake_zh_speaker_9_ID_162.wav,0.08070173114538193,False
fake_zh_speaker_0_ID_27.wav,0.05497559532523155,False
fake_zh_speaker_1_ID_68.wav,0.0799817144870758,False
fake_zh_speaker_9_ID_169.wav,0.0412372462451458,False
fake_zh_speaker_0_ID_55.wav,0.06104160100221634,False
fake_zh_speaker_1_ID_96.wav,0.08000294119119644,False
fake_zh_speaker_9_ID_165.wav,0.051991164684295654,False
fake_zh_speaker_4_ID_148.wav,0.04953795671463013,False
fake_zh_speaker_4_ID_158.wav,0.08223221451044083,False
fake_zh_speaker_0_ID_39.wav,0.04278315603733063,False
fake_zh_speaker_3_ID_131.wav,0.014123317785561085,False
fake_zh_speaker_9_ID_193.wav,0.08459168672561646,False
fake_zh_speaker_0_ID_8.wav,0.04825450852513313,False
fake_zh_speaker_1_ID_81.wav,0.10826703161001205,False
fake_zh_speaker_4_ID_147.wav,0.07985927909612656,False
fake_zh_speaker_3_ID_128.wav,0.023401034995913506,False
fake_zh_speaker_0_ID_13.wav,0.05225275456905365,False
fake_zh_speaker_9_ID_191.wav,0.06351857632398605,False
fake_zh_speaker_4_ID_145.wav,0.0566774420440197,False
fake_zh_speaker_9_ID_194.wav,0.08015881478786469,False
fake_zh_speaker_1_ID_75.wav,0.09030310064554214,False
fake_zh_speaker_0_ID_31.wav,0.06854218244552612,False
fake_zh_speaker_2_ID_109.wav,0.08884888887405396,False
fake_zh_speaker_0_ID_48.wav,0.05046868696808815,False
fake_zh_speaker_0_ID_33.wav,0.062422242015600204,False
fake_zh_speaker_4_ID_151.wav,0.07334017753601074,False
fake_zh_speaker_9_ID_195.wav,0.07410208135843277,False
fake_zh_speaker_4_ID_153.wav,0.06897909194231033,False
fake_zh_speaker_1_ID_72.wav,0.10112058371305466,False
fake_zh_speaker_0_ID_11.wav,0.056086525321006775,False
fake_zh_speaker_9_ID_186.wav,0.049735017120838165,False
fake_zh_speaker_9_ID_198.wav,0.08312469720840454,False
fake_zh_speaker_1_ID_90.wav,0.09272605925798416,False
fake_zh_speaker_1_ID_67.wav,0.03501076251268387,False
fake_zh_speaker_0_ID_26.wav,0.0697559043765068,False
fake_zh_speaker_0_ID_28.wav,0.018088387325406075,False
fake_zh_speaker_3_ID_136.wav,0.03659341111779213,False
fake_zh_speaker_0_ID_1.wav,0.04122604802250862,False
fake_zh_speaker_2_ID_113.wav,0.08745656162500381,False
fake_zh_speaker_0_ID_3.wav,0.05736648663878441,False
fake_zh_speaker_0_ID_46.wav,0.053582917898893356,False
fake_zh_speaker_3_ID_126.wav,0.024528907611966133,False
fake_zh_speaker_3_ID_130.wav,0.01742297224700451,False
fake_zh_speaker_2_ID_107.wav,0.0655447468161583,False
fake_zh_speaker_0_ID_41.wav,0.02972923405468464,False
fake_zh_speaker_9_ID_168.wav,0.06576232612133026,False
fake_zh_speaker_4_ID_142.wav,0.07323823124170303,False
fake_zh_speaker_9_ID_190.wav,0.07928545027971268,False
fake_zh_speaker_9_ID_178.wav,0.0649377629160881,False
fake_zh_speaker_3_ID_137.wav,0.032701145857572556,False
fake_zh_speaker_0_ID_61.wav,0.06299867480993271,False
fake_zh_speaker_1_ID_100.wav,0.08203267306089401,False
fake_zh_speaker_9_ID_184.wav,0.06273213028907776,False
fake_zh_speaker_2_ID_106.wav,0.09530498832464218,False
fake_zh_speaker_4_ID_157.wav,0.08059410750865936,False
fake_zh_speaker_3_ID_138.wav,0.024775872007012367,False
fake_zh_speaker_3_ID_140.wav,0.035085126757621765,False
fake_zh_speaker_0_ID_10.wav,0.04576050117611885,False
fake_zh_speaker_0_ID_53.wav,0.039679404348134995,False
fake_zh_speaker_3_ID_129.wav,0.026628652587532997,False
fake_zh_speaker_0_ID_57.wav,0.04685679078102112,False
fake_zh_speaker_9_ID_180.wav,0.07955073565244675,False
fake_zh_speaker_3_ID_133.wav,0.030785758048295975,False
fake_zh_speaker_9_ID_171.wav,0.06062418222427368,False
fake_zh_speaker_0_ID_18.wav,0.04696517437696457,False
fake_zh_speaker_4_ID_152.wav,0.06958917528390884,False
fake_zh_speaker_0_ID_6.wav,0.054823458194732666,False
fake_zh_speaker_2_ID_108.wav,0.08491083234548569,False
fake_zh_speaker_9_ID_183.wav,0.08662455528974533,False
fake_zh_speaker_1_ID_77.wav,0.08573845028877258,False
fake_zh_speaker_9_ID_179.wav,0.058147311210632324,False
fake_zh_speaker_9_ID_163.wav,0.05919599533081055,False
fake_zh_speaker_0_ID_22.wav,0.053763248026371,False
fake_zh_speaker_9_ID_200.wav,0.04923972114920616,False
fake_zh_speaker_1_ID_92.wav,0.056041207164525986,False
fake_zh_speaker_2_ID_104.wav,0.08371098339557648,False
fake_zh_speaker_4_ID_161.wav,0.08312511444091797,False
fake_zh_speaker_3_ID_139.wav,0.039172135293483734,False
fake_zh_speaker_3_ID_122.wav,0.034762829542160034,False
fake_zh_speaker_3_ID_134.wav,0.023229088634252548,False
fake_zh_speaker_0_ID_17.wav,0.051886316388845444,False
fake_zh_speaker_9_ID_187.wav,0.08632602542638779,False
fake_zh_speaker_0_ID_35.wav,0.06239085644483566,False
fake_zh_speaker_9_ID_201.wav,0.0652000680565834,False
fake_zh_speaker_2_ID_105.wav,0.09435539692640305,False
fake_zh_speaker_1_ID_63.wav,0.06602228432893753,False
fake_zh_speaker_1_ID_76.wav,0.08977328985929489,False
fake_zh_speaker_0_ID_52.wav,0.046542100608348846,False
fake_zh_speaker_0_ID_36.wav,0.054417770355939865,False
fake_zh_speaker_1_ID_78.wav,0.0664096251130104,False
fake_zh_speaker_1_ID_87.wav,0.09239911288022995,False
fake_zh_speaker_1_ID_74.wav,0.08882874250411987,False
fake_zh_speaker_9_ID_189.wav,0.07634427398443222,False
fake_zh_speaker_0_ID_5.wav,0.055837005376815796,False
fake_zh_speaker_9_ID_175.wav,0.06180938333272934,False
fake_zh_speaker_1_ID_65.wav,0.11422842741012573,False
fake_zh_speaker_2_ID_112.wav,0.06360386312007904,False
fake_zh_speaker_4_ID_149.wav,0.06876350939273834,False
fake_zh_speaker_0_ID_20.wav,0.06905670464038849,False
fake_zh_speaker_4_ID_159.wav,0.08272348344326019,False
fake_zh_speaker_3_ID_123.wav,0.027323853224515915,False
fake_zh_speaker_9_ID_192.wav,0.04756055027246475,False
fake_zh_speaker_9_ID_164.wav,0.07729563117027283,False
fake_zh_speaker_1_ID_84.wav,0.07513720542192459,False
fake_zh_speaker_2_ID_115.wav,0.07188680768013,False
fake_zh_speaker_0_ID_0.wav,0.04620210453867912,False
fake_zh_speaker_1_ID_99.wav,0.09474768489599228,False
fake_zh_speaker_0_ID_14.wav,0.053726837038993835,False
fake_zh_speaker_1_ID_71.wav,0.09625280648469925,False
fake_zh_speaker_0_ID_12.wav,0.06110873445868492,False
fake_zh_speaker_3_ID_132.wav,0.03270155191421509,False
fake_zh_speaker_0_ID_16.wav,0.05447908863425255,False
output(9).wav,0.11869954317808151,False
output(5).wav,0.13079829514026642,False
output(60).wav,0.08761794865131378,False
output(2).wav,0.125438392162323,False
output(27).wav,0.12490637600421906,False
output(4).wav,0.12035831063985825,False
output(40).wav,0.12328014522790909,False
output(33).wav,0.12374964356422424,False
output(54).wav,0.09973103553056717,False
output(63).wav,0.09090451896190643,False
output(81).wav,0.08698630332946777,False
output(51).wav,0.08966995030641556,False
output(86).wav,0.09203409403562546,False
output(92).wav,0.08884934335947037,False
output(7).wav,0.12466005980968475,False
output(41).wav,0.12332512438297272,False
output(1).wav,0.12457447499036789,False
output(85).wav,0.09022074937820435,False
output(94).wav,0.09024640172719955,False
output(70).wav,0.0873635858297348,False
output(31).wav,0.11599007993936539,False
output(45).wav,0.12306002527475357,False
output(30).wav,0.12188694626092911,False
output(88).wav,0.09341801702976227,False
output(15).wav,0.12246012687683105,False
output(26).wav,0.1260874718427658,False
output(19).wav,0.12766052782535553,False
output(28).wav,0.12200566381216049,False
output(55).wav,0.08790373802185059,False
output(68).wav,0.09103073924779892,False
output(67).wav,0.08933187276124954,False
output(39).wav,0.1270359307527542,False
output(21).wav,0.11697133630514145,False
output(72).wav,0.09076297283172607,False
output(61).wav,0.08858221769332886,False
output(75).wav,0.08588223159313202,False
output(36).wav,0.1260494887828827,False
output(89).wav,0.09071716666221619,False
output(53).wav,0.08618861436843872,False
output(56).wav,0.0894131287932396,False
output(32).wav,0.11895151436328888,False
output(58).wav,0.09159659594297409,False
output(74).wav,0.09185556322336197,False
output(11).wav,0.11394678801298141,False
output(34).wav,0.12544023990631104,False
output(43).wav,0.12713538110256195,False
output(95).wav,0.08967254310846329,False
output(14).wav,0.12523241341114044,False
output(12).wav,0.12463899701833725,False
output(98).wav,0.09150214493274689,False
output(48).wav,0.12350625544786453,False
output(77).wav,0.08954119682312012,False
output(44).wav,0.12009856849908829,False
output(76).wav,0.08876632899045944,False
output(52).wav,0.0894479751586914,False
output(8).wav,0.12175802886486053,False
output(100).wav,0.09212745726108551,False
output(99).wav,0.08896481990814209,False
output(29).wav,0.12177871912717819,False
output(93).wav,0.09306041151285172,False
output(96).wav,0.08583667129278183,False
output(87).wav,0.09115583449602127,False
output(62).wav,0.09209613502025604,False
output(17).wav,0.11896738409996033,False
output(69).wav,0.08892553299665451,False
output(80).wav,0.08888482302427292,False
output(42).wav,0.12377115339040756,False
output(73).wav,0.08985808491706848,False
output(90).wav,0.09097594022750854,False
output(84).wav,0.09070248901844025,False
output(82).wav,0.08602175116539001,False
output(50).wav,0.1314648687839508,False
output(79).wav,0.09000667929649353,False
output(25).wav,0.12164076417684555,False
output(59).wav,0.08975453674793243,False
output(78).wav,0.09115423262119293,False
output(49).wav,0.12360519170761108,False
output(57).wav,0.08942393213510513,False
output(22).wav,0.11728155612945557,False
output(46).wav,0.12041682749986649,False
output(20).wav,0.12109936773777008,False
output(83).wav,0.08812220394611359,False
output(37).wav,0.1200200766324997,False
output(38).wav,0.12916432321071625,False
output(24).wav,0.11874020099639893,False
output(6).wav,0.12775729596614838,False
output(18).wav,0.12812523543834686,False
output(91).wav,0.09043575823307037,False
output(66).wav,0.08844654262065887,False
output(97).wav,0.08845127373933792,False
output(16).wav,0.12081897258758545,False
output(47).wav,0.12358370423316956,False
output(64).wav,0.09300398081541061,False
output(71).wav,0.09033113718032837,False
output(65).wav,0.08974507451057434,False
output(23).wav,0.12491653859615326,False
output(13).wav,0.12625475227832794,False
output(10).wav,0.11961094290018082,False
output(35).wav,0.124391570687294,False
output(3).wav,0.12526094913482666,False
output(112).wav,0.0908501073718071,False
output(129).wav,0.0898728221654892,False
output(171).wav,0.09422881156206131,False
output(133).wav,0.08881858736276627,False
output(141).wav,0.09265823662281036,False
output(132).wav,0.09105007350444794,False
output(187).wav,0.0914311483502388,False
output(159).wav,0.09046301245689392,False
output(115).wav,0.09071630239486694,False
output(111).wav,0.08672203123569489,False
output(193).wav,0.0893004983663559,False
output(179).wav,0.09156769514083862,False
output(103).wav,0.09305738657712936,False
output(130).wav,0.09126190096139908,False
output(140).wav,0.09174660593271255,False
output(108).wav,0.08957373350858688,False
output(174).wav,0.08894388377666473,False
output(173).wav,0.09200391173362732,False
output(118).wav,0.08748220652341843,False
output(181).wav,0.08921512961387634,False
output(185).wav,0.09012553840875626,False
output(107).wav,0.0889504998922348,False
output(183).wav,0.0875994935631752,False
output(175).wav,0.09250497072935104,False
output(166).wav,0.0883532464504242,False
output(199).wav,0.08863566070795059,False
output(147).wav,0.09024595469236374,False
output(121).wav,0.09238553792238235,False
output(161).wav,0.08939235657453537,False
output(195).wav,0.09113764762878418,False
output(104).wav,0.08700641244649887,False
output(153).wav,0.08829432725906372,False
output(123).wav,0.08926728367805481,False
output(151).wav,0.08810402452945709,False
output(182).wav,0.08969935029745102,False
output(197).wav,0.09017676115036011,False
output(176).wav,0.09014809131622314,False
output(127).wav,0.09202682226896286,False
output(165).wav,0.09030698239803314,False
output(158).wav,0.09245315194129944,False
output(128).wav,0.09153339266777039,False
output(146).wav,0.08981045335531235,False
output(188).wav,0.09191480278968811,False
output(156).wav,0.09339197725057602,False
output(152).wav,0.09058354794979095,False
output(117).wav,0.09466791152954102,False
output(105).wav,0.08922595530748367,False
output(144).wav,0.08968821913003922,False
output(149).wav,0.09261499345302582,False
output(116).wav,0.09389767795801163,False
output(113).wav,0.08867136389017105,False
output(120).wav,0.09014013409614563,False
output(160).wav,0.09249993413686752,False
output(168).wav,0.08834343403577805,False
output(172).wav,0.09023980051279068,False
output(178).wav,0.08984258025884628,False
output(180).wav,0.0897429883480072,False
output(164).wav,0.09198559820652008,False
output(162).wav,0.09075986593961716,False
output(101).wav,0.08786246925592422,False
output(135).wav,0.08903426676988602,False
output(189).wav,0.0894092470407486,False
output(114).wav,0.08974573761224747,False
output(194).wav,0.09077037870883942,False
output(142).wav,0.09080928564071655,False
output(177).wav,0.09086936712265015,False
output(102).wav,0.08818001300096512,False
output(138).wav,0.08844705671072006,False
output(106).wav,0.09328534454107285,False
output(109).wav,0.09098521620035172,False
output(167).wav,0.09069962799549103,False
output(154).wav,0.08945376425981522,False
output(155).wav,0.09137871116399765,False
output(122).wav,0.08547309041023254,False
output(196).wav,0.08741084486246109,False
output(131).wav,0.08939670771360397,False
output(148).wav,0.08935998380184174,False
output(126).wav,0.09322915226221085,False
output(190).wav,0.0918915793299675,False
output(134).wav,0.09192687273025513,False
output(150).wav,0.08952696621417999,False
output(186).wav,0.09327089786529541,False
output(169).wav,0.08723057061433792,False
output(139).wav,0.08735271543264389,False
output(192).wav,0.09153807163238525,False
output(163).wav,0.0889628604054451,False
output(143).wav,0.09264174103736877,False
output(145).wav,0.09164465218782425,False
output(119).wav,0.08681268990039825,False
output(110).wav,0.08856306225061417,False
output(136).wav,0.08834958076477051,False
output(184).wav,0.08765896409749985,False
output(191).wav,0.09027305990457535,False
output(124).wav,0.08772744983434677,False
output(137).wav,0.09064353257417679,False
output(125).wav,0.09091392159461975,False
output(157).wav,0.09088949859142303,False
output(170).wav,0.09085304290056229,False
output(200).wav,0.09058363735675812,False
output(198).wav,0.08776135742664337,False
output(256).wav,0.09035710245370865,False
output(241).wav,0.08887264132499695,False
output(269).wav,0.08891487121582031,False
output(260).wav,0.08801993727684021,False
output(271).wav,0.09042658656835556,False
output(212).wav,0.09075769782066345,False
output(240).wav,0.08780897408723831,False
output(259).wav,0.08748538792133331,False
output(248).wav,0.09028343856334686,False
output(222).wav,0.08582699298858643,False
output(202).wav,0.09452059119939804,False
output(291).wav,0.08801960945129395,False
output(289).wav,0.08933519572019577,False
output(274).wav,0.08947333693504333,False
output(244).wav,0.09033966809511185,False
output(242).wav,0.08971741050481796,False
output(223).wav,0.0876089408993721,False
output(295).wav,0.08736009150743484,False
output(268).wav,0.08653748035430908,False
output(210).wav,0.09412384778261185,False
output(270).wav,0.0908823162317276,False
output(275).wav,0.08619608730077744,False
output(257).wav,0.08789107948541641,False
output(229).wav,0.08877918124198914,False
output(207).wav,0.09139778465032578,False
output(265).wav,0.08981983363628387,False
output(226).wav,0.09185846149921417,False
output(238).wav,0.08426522463560104,False
output(237).wav,0.09221017360687256,False
output(233).wav,0.08985863626003265,False
output(253).wav,0.09189832210540771,False
output(266).wav,0.08683878928422928,False
output(213).wav,0.08991217613220215,False
output(300).wav,0.08888242393732071,False
output(205).wav,0.09452660381793976,False
output(292).wav,0.08950838446617126,False
output(298).wav,0.087666355073452,False
output(272).wav,0.09169378876686096,False
output(230).wav,0.08893925696611404,False
output(290).wav,0.09325991570949554,False
output(267).wav,0.08958861231803894,False
output(234).wav,0.08915264904499054,False
output(246).wav,0.08712378144264221,False
output(204).wav,0.08872982859611511,False
output(297).wav,0.08762723207473755,False
output(264).wav,0.08790881931781769,False
output(296).wav,0.09174618124961853,False
output(278).wav,0.08868379890918732,False
output(294).wav,0.08971118181943893,False
output(221).wav,0.0887111946940422,False
output(225).wav,0.0866260826587677,False
output(276).wav,0.08750547468662262,False
output(219).wav,0.08885755389928818,False
output(261).wav,0.08901886641979218,False
output(262).wav,0.0853237435221672,False
output(288).wav,0.09195346385240555,False
output(216).wav,0.08856996893882751,False
output(206).wav,0.09411967545747757,False
output(287).wav,0.09053868800401688,False
output(235).wav,0.08739151805639267,False
output(231).wav,0.09194745123386383,False
output(280).wav,0.08395369350910187,False
output(286).wav,0.0963904932141304,False
output(273).wav,0.0875285416841507,False
output(209).wav,0.0900740996003151,False
output(284).wav,0.08890937268733978,False
output(215).wav,0.0916501134634018,False
output(224).wav,0.08875727653503418,False
output(211).wav,0.09228216856718063,False
output(252).wav,0.08698665350675583,False
output(283).wav,0.0897693783044815,False
output(243).wav,0.09238674491643906,False
output(263).wav,0.08712218701839447,False
output(236).wav,0.08818866312503815,False
output(217).wav,0.08977894484996796,False
output(228).wav,0.08681827783584595,False
output(227).wav,0.09152822196483612,False
output(282).wav,0.0857342854142189,False
output(220).wav,0.08898448199033737,False
output(255).wav,0.09201343357563019,False
output(250).wav,0.09047917276620865,False
output(285).wav,0.08759376406669617,False
output(258).wav,0.09055470675230026,False
output(247).wav,0.09109104424715042,False
output(208).wav,0.08980531245470047,False
output(249).wav,0.09395217895507812,False
output(299).wav,0.09041453152894974,False
output(214).wav,0.09592406451702118,False
output(201).wav,0.08858142048120499,False
output(239).wav,0.09056767076253891,False
output(218).wav,0.08909722417593002,False
output(277).wav,0.09111540764570236,False
output(281).wav,0.08841278403997421,False
output(203).wav,0.09486307203769684,False
output(251).wav,0.09025640785694122,False
output(232).wav,0.08989986777305603,False
output(279).wav,0.08749772608280182,False
output(254).wav,0.08646752685308456,False
output(293).wav,0.09041550010442734,False
output(245).wav,0.09266188740730286,False
ElevenLabs_2024-04-01T11_15_35_Adam_pre_s50_sb75_se0_b_m2.mp3,0.09848781675100327,False
ElevenLabs_2024-04-01T11_22_42_Adam_pre_s50_sb75_se0_b_m2.mp3,0.09292297810316086,False
ElevenLabs_2024-04-01T11_20_12_Adam_pre_s50_sb75_se0_b_m2.mp3,0.10555247962474823,False
ElevenLabs_2024-04-01T11_16_58_Adam_pre_s50_sb75_se0_b_m2.mp3,0.15001900494098663,False
ElevenLabs_2024-04-01T11_19_29_Adam_pre_s50_sb75_se0_b_m2.mp3,0.12065871804952621,False
ElevenLabs_2024-04-01T11_20_40_Adam_pre_s50_sb75_se0_b_m2.mp3,0.08359801024198532,False
ElevenLabs_2024-04-01T11_21_13_Adam_pre_s50_sb75_se0_b_m2.mp3,0.10630158334970474,False
ElevenLabs_2024-04-01T11_16_09_Adam_pre_s50_sb75_se0_b_m2.mp3,0.1312406212091446,False
ElevenLabs_2024-04-01T11_16_00_Adam_pre_s50_sb75_se0_b_m2.mp3,0.117554672062397,False
ElevenLabs_2024-04-01T11_15_51_Adam_pre_s50_sb75_se0_b_m2.mp3,0.11297411471605301,False
ElevenLabs_2024-04-01T11_25_34_Alice_pre_s50_sb75_t2.mp3,0.06644740700721741,False
ElevenLabs_2024-04-01T11_31_51_Alice_pre_s50_sb75_t2.mp3,0.06893299520015717,False
ElevenLabs_2024-04-01T11_27_34_Alice_pre_s50_sb75_t2.mp3,0.07292748242616653,False
ElevenLabs_2024-04-01T11_30_12_Alice_pre_s50_sb75_t2.mp3,0.0637921467423439,False
ElevenLabs_2024-04-01T11_31_00_Alice_pre_s50_sb75_t2.mp3,0.06578755378723145,False
ElevenLabs_2024-04-01T11_34_20_Antoni_pre_s50_sb75_se0_b_m2.mp3,0.10442142933607101,False
ElevenLabs_2024-04-01T11_33_31_Antoni_pre_s50_sb75_se0_b_m2.mp3,0.06819036602973938,False
ElevenLabs_2024-04-01T11_36_15_Antoni_pre_s50_sb75_se0_b_m2.mp3,0.10854051262140274,False
ElevenLabs_2024-04-01T11_37_01_Antoni_pre_s50_sb75_se0_b_m2.mp3,0.1365005522966385,False
ElevenLabs_2024-04-01T11_38_18_Antoni_pre_s50_sb75_se0_b_m2.mp3,0.14159220457077026,False
ElevenLabs_2024-04-01T11_34_49_Antoni_pre_s50_sb75_se0_b_m2.mp3,0.1249459981918335,False
ElevenLabs_2024-04-01T11_35_12_Antoni_pre_s50_sb75_se0_b_m2.mp3,0.1387459933757782,False
ElevenLabs_2024-04-01T11_35_52_Antoni_pre_s50_sb75_se0_b_m2.mp3,0.07491472363471985,False
ElevenLabs_2024-04-01T11_33_43_Antoni_pre_s50_sb75_se0_b_m2.mp3,0.1287664920091629,False
ElevenLabs_2024-04-01T11_38_44_Antoni_pre_s50_sb75_se0_b_m2.mp3,0.12177588790655136,False
ElevenLabs_2024-04-01T11_34_41_Antoni_pre_s50_sb75_se0_b_m2.mp3,0.12010496854782104,False
ElevenLabs_2024-04-01T11_37_16_Antoni_pre_s50_sb75_se0_b_m2.mp3,0.09501846879720688,False
ElevenLabs_2024-04-01T11_37_09_Antoni_pre_s50_sb75_se0_b_m2.mp3,0.10700894892215729,False
ElevenLabs_2024-04-01T11_37_22_Antoni_pre_s50_sb75_se0_b_m2.mp3,0.08954950422048569,False
ElevenLabs_2024-04-01T11_36_55_Antoni_pre_s50_sb75_se0_b_m2.mp3,0.11250197887420654,False
ElevenLabs_2024-03-31T18_50_43_Brian_pre_s50_sb75_t2.mp3,0.057183753699064255,False
ElevenLabs_2024-03-31T18_50_08_Brian_pre_s50_sb75_t2.mp3,0.04530597850680351,False
ElevenLabs_2024-03-31T18_50_51_Brian_pre_s50_sb75_t2.mp3,0.04922996833920479,False
ElevenLabs_2024-03-31T18_51_10_Brian_pre_s50_sb75_t2.mp3,0.04945413023233414,False
ElevenLabs_2024-03-31T18_49_46_Brian_pre_s50_sb75_t2.mp3,0.04936186969280243,False
ElevenLabs_2024-03-31T18_50_15_Brian_pre_s50_sb75_t2.mp3,0.05235868692398071,False
ElevenLabs_2024-03-31T18_51_34_Brian_pre_s50_sb75_t2.mp3,0.051950640976428986,False
ElevenLabs_2024-03-31T18_50_23_Brian_pre_s50_sb75_t2.mp3,0.056506868451833725,False
ElevenLabs_2024-03-31T18_50_32_Brian_pre_s50_sb75_t2.mp3,0.05064787343144417,False
ElevenLabs_2024-03-31T18_50_59_Brian_pre_s50_sb75_t2.mp3,0.06390582770109177,False
ElevenLabs_2024-03-31T19_05_27_Clyde_pre_s50_sb75_m1.mp3,0.1116921678185463,False
ElevenLabs_2024-03-31T19_04_23_Clyde_pre_s50_sb75_m1.mp3,0.10633450746536255,False
ElevenLabs_2024-03-31T19_08_32_Clyde_pre_s50_sb75_m1.mp3,0.09512440860271454,False
ElevenLabs_2024-03-31T19_05_52_Clyde_pre_s50_sb75_m1.mp3,0.09317958354949951,False
ElevenLabs_2024-03-31T19_04_16_Clyde_pre_s50_sb75_m1.mp3,0.08900818228721619,False
ElevenLabs_2024-03-31T19_06_06_Clyde_pre_s50_sb75.mp3,0.08155841380357742,False
ElevenLabs_2024-03-31T19_05_04_Clyde_pre_s50_sb75_m1.mp3,0.07896743714809418,False
ElevenLabs_2024-03-31T19_04_46_Clyde_pre_s50_sb75_m1.mp3,0.11005721241235733,False
ElevenLabs_2024-03-31T19_04_55_Clyde_pre_s50_sb75_m1.mp3,0.10997314006090164,False
ElevenLabs_2024-03-31T19_04_38_Clyde_pre_s50_sb75_m1.mp3,0.09029842168092728,False
ElevenLabs_2024-03-31T19_04_30_Clyde_pre_s50_sb75_m1.mp3,0.10207933187484741,False
ElevenLabs_2024-03-31T18_38_10_Dave_pre_s50_sb75_se0_b_m2.mp3,0.0867539644241333,False
ElevenLabs_2024-03-31T18_37_30_Dave_pre_s50_sb75_se0_b_m2.mp3,0.08852831274271011,False
ElevenLabs_2024-03-31T18_37_37_Dave_pre_s50_sb75_se0_b_m2.mp3,0.10377918928861618,False
ElevenLabs_2024-03-31T18_36_15_Dave_pre_s50_sb75_se0_b_m2.mp3,0.09086134284734726,False
ElevenLabs_2024-03-31T18_36_27_Dave_pre_s50_sb75_se0_b_m2.mp3,0.09576654434204102,False
ElevenLabs_2024-03-31T18_36_08_Dave_pre_s50_sb75_se0_b_m2.mp3,0.05614602565765381,False
ElevenLabs_2024-03-31T18_36_56_Dave_pre_s50_sb75_se0_b_m2.mp3,0.07385245710611343,False
ElevenLabs_2024-03-31T18_37_58_Dave_pre_s50_sb75_se0_b_m2.mp3,0.09411464631557465,False
ElevenLabs_2024-03-31T18_36_35_Dave_pre_s50_sb75_se0_b_m2.mp3,0.07095740735530853,False
ElevenLabs_2024-03-31T18_37_21_Dave_pre_s50_sb75_se0_b_m2.mp3,0.09095646440982819,False
ElevenLabs_2024-03-31T18_58_17_Domi_pre_s50_sb75_se0_b_m2.mp3,0.07377806305885315,False
ElevenLabs_2024-03-31T18_57_51_Domi_pre_s50_sb75_se0_b_m2.mp3,0.09206854552030563,False
ElevenLabs_2024-03-31T18_59_32_Domi_pre_s50_sb75_se0_b_m2.mp3,0.07599187642335892,False
ElevenLabs_2024-03-31T18_56_56_Domi_pre_s50_sb75_se0_b_m2.mp3,0.08726692944765091,False
ElevenLabs_2024-03-31T19_00_45_Domi_pre_s50_sb75_se0_b_m2.mp3,0.10956823825836182,False
ElevenLabs_2024-03-31T19_00_03_Domi_pre_s50_sb75_se0_b_m2.mp3,0.12364742904901505,False
ElevenLabs_2024-03-31T18_57_27_Domi_pre_s50_sb75_se0_b_m2.mp3,0.08686627447605133,False
ElevenLabs_2024-03-31T18_57_41_Domi_pre_s50_sb75_se0_b_m2.mp3,0.10185079276561737,False
ElevenLabs_2024-03-31T18_57_20_Domi_pre_s50_sb75_se0_b_m2.mp3,0.08311671018600464,False
ElevenLabs_2024-03-31T18_56_56_Domi_pre_s50_sb75_se0_b_m2 (1).mp3,0.08726692944765091,False
ElevenLabs_2024-03-31T18_57_04_Domi_pre_s50_sb75_se0_b_m2.mp3,0.07441022247076035,False
ElevenLabs_2024-04-01T12_58_17_Drew_pre_s50_sb75_se0_b_m2.mp3,0.05197509005665779,False
ElevenLabs_2024-04-01T12_58_05_Drew_pre_s50_sb75_se0_b_m2.mp3,0.05468830466270447,False
ElevenLabs_2024-04-01T12_59_06_Drew_pre_s50_sb75_se0_b_m2.mp3,0.0398261658847332,False
ElevenLabs_2024-04-01T12_58_46_Drew_pre_s50_sb75_se0_b_m2.mp3,0.053640566766262054,False
ElevenLabs_2024-04-01T12_58_11_Drew_pre_s50_sb75_se0_b_m2.mp3,0.06544428318738937,False
ElevenLabs_2024-04-01T12_57_53_Drew_pre_s50_sb75_se0_b_m2.mp3,0.05217873305082321,False
ElevenLabs_2024-04-01T12_58_56_Drew_pre_s50_sb75_se0_b_m2.mp3,0.05026744306087494,False
ElevenLabs_2024-04-01T12_58_36_Drew_pre_s50_sb75_se0_b_m2.mp3,0.0647372454404831,False
ElevenLabs_2024-04-01T12_58_30_Drew_pre_s50_sb75_se0_b_m2.mp3,0.06926242262125015,False
ElevenLabs_2024-04-01T12_57_57_Drew_pre_s50_sb75_se0_b_m2.mp3,0.05472175031900406,False
ElevenLabs_2024-04-01T12_58_41_Drew_pre_s50_sb75_se0_b_m2.mp3,0.05086705461144447,False
ElevenLabs_2024-04-01T12_57_30_Drew_pre_s50_sb75_se0_b_m2.mp3,0.0762622058391571,False
ElevenLabs_2024-04-01T12_59_02_Drew_pre_s50_sb75_se0_b_m2.mp3,0.056857187300920486,False
ElevenLabs_2024-04-01T12_57_40_Drew_pre_s50_sb75_se0_b_m2.mp3,0.06588362902402878,False
ElevenLabs_2024-04-01T12_58_51_Drew_pre_s50_sb75_se0_b_m2.mp3,0.04702939838171005,False
ElevenLabs_2024-04-01T12_57_35_Drew_pre_s50_sb75_se0_b_m2.mp3,0.04619015008211136,False
ElevenLabs_2024-04-01T12_58_23_Drew_pre_s50_sb75_se0_b_m2.mp3,0.06330494582653046,False
ElevenLabs_2024-04-01T12_57_46_Drew_pre_s50_sb75_se0_b_m2.mp3,0.05828093737363815,False
ElevenLabs_2024-04-01T12_59_12_Drew_pre_s50_sb75_se0_b_m2.mp3,0.061517659574747086,False
ElevenLabs_2024-04-01T12_59_17_Drew_pre_s50_sb75_se0_b_m2.mp3,0.05869729816913605,False
ElevenLabs_2024-03-31T18_33_30_Emily_pre_s50_sb75_se0_b_m2.mp3,0.06715469807386398,False
ElevenLabs_2024-03-31T18_34_21_Emily_pre_s50_sb75_se0_b_m2.mp3,0.17242759466171265,False
ElevenLabs_2024-03-31T18_34_13_Emily_pre_s50_sb75_se0_b_m2.mp3,0.12725302577018738,False
ElevenLabs_2024-03-31T18_34_32_Emily_pre_s50_sb75_se0_b_m2.mp3,0.08839838951826096,False
ElevenLabs_2024-03-31T18_33_08_Emily_pre_s50_sb75_se0_b_m2.mp3,0.16287578642368317,False
ElevenLabs_2024-03-31T18_34_05_Emily_pre_s50_sb75_se0_b_m2.mp3,0.12101531773805618,False
ElevenLabs_2024-03-31T18_31_47_Emily_pre_s50_sb75_se0_b_m2.mp3,0.07004789263010025,False
ElevenLabs_2024-03-31T18_32_56_Emily_pre_s50_sb75_se0_b_m2.mp3,0.10586069524288177,False
ElevenLabs_2024-03-31T18_33_41_Emily_pre_s50_sb75_se0_b_m2.mp3,0.08732831478118896,False
ElevenLabs_2024-03-31T18_33_19_Emily_pre_s50_sb75_se0_b_m2.mp3,0.07659932971000671,False
ElevenLabs_2024-04-01T11_41_30_Fin_pre_s50_sb75_se0_b_m2.mp3,0.08520012348890305,False
ElevenLabs_2024-04-01T11_41_22_Fin_pre_s50_sb75_se0_b_m2.mp3,0.11176193505525589,False
ElevenLabs_2024-04-01T12_54_04_Fin_pre_s50_sb75_se0_b_m2.mp3,0.07332354038953781,False
ElevenLabs_2024-04-01T11_40_10_Fin_pre_s50_sb75_se0_b_m2.mp3,0.0997709408402443,False
ElevenLabs_2024-04-01T11_40_50_Fin_pre_s50_sb75_se0_b_m2.mp3,0.11054116487503052,False
ElevenLabs_2024-04-01T11_41_01_Fin_pre_s50_sb75_se0_b_m2.mp3,0.06399212777614594,False
ElevenLabs_2024-04-01T11_41_13_Fin_pre_s50_sb75_se0_b_m2.mp3,0.09749572724103928,False
ElevenLabs_2024-04-01T11_40_19_Fin_pre_s50_sb75_se0_b_m2.mp3,0.06588048487901688,False
ElevenLabs_2024-04-01T11_40_30_Fin_pre_s50_sb75_se0_b_m2.mp3,0.12402012944221497,False
ElevenLabs_2024-04-01T11_40_40_Fin_pre_s50_sb75_se0_b_m2.mp3,0.1156783252954483,False
ElevenLabs_2024-04-01T13_12_43_Josh_pre_s50_sb75_se0_b_m2.mp3,0.05877821147441864,False
ElevenLabs_2024-04-01T13_12_28_Josh_pre_s50_sb75_se0_b_m2.mp3,0.05252461135387421,False
ElevenLabs_2024-04-01T13_12_50_Josh_pre_s50_sb75_se0_b_m2.mp3,0.06320144236087799,False
ElevenLabs_2024-04-01T13_12_56_Josh_pre_s50_sb75_se0_b_m2.mp3,0.05615561455488205,False
ElevenLabs_2024-04-01T13_12_33_Josh_pre_s50_sb75_se0_b_m2.mp3,0.050587985664606094,False
ElevenLabs_2024-04-01T13_12_15_Josh_pre_s50_sb75_se0_b_m2.mp3,0.043973829597234726,False
ElevenLabs_2024-04-01T13_13_46_Josh_pre_s50_sb75_se0_b_m2.mp3,0.047573503106832504,False
ElevenLabs_2024-04-01T13_12_10_Josh_pre_s50_sb75_se0_b_m2.mp3,0.03912709280848503,False
ElevenLabs_2024-04-01T13_12_22_Josh_pre_s50_sb75_se0_b_m2.mp3,0.050255805253982544,False
ElevenLabs_2024-04-01T13_13_03_Josh_pre_s50_sb75_se0_b_m2.mp3,0.04743821918964386,False
ElevenLabs_2024-04-01T13_12_37_Josh_pre_s50_sb75_se0_b_m2.mp3,0.046334944665431976,False
ElevenLabs_2024-03-31T18_46_48_Lily_pre_s50_sb75_se0_b_m2.mp3,0.06759771704673767,False
ElevenLabs_2024-03-31T18_46_05_Lily_pre_s50_sb75_se0_b_m2.mp3,0.05369050055742264,False
ElevenLabs_2024-03-31T18_46_13_Lily_pre_s50_sb75_se0_b_m2.mp3,0.0802871361374855,False
ElevenLabs_2024-03-31T18_46_40_Lily_pre_s50_sb75_se0_b_m2.mp3,0.0791703388094902,False
ElevenLabs_2024-03-31T18_45_36_Lily_pre_s50_sb75_se0_b_m2.mp3,0.07579920440912247,False
ElevenLabs_2024-03-31T18_47_16_Lily_pre_s50_sb75_se0_b_m2.mp3,0.05617448687553406,False
ElevenLabs_2024-03-31T18_45_51_Lily_pre_s50_sb75_se0_b_m2.mp3,0.05645029619336128,False
ElevenLabs_2024-03-31T18_47_44_Lily_pre_s50_sb75_se0_b_m2.mp3,0.058310799300670624,False
ElevenLabs_2024-03-31T18_46_57_Lily_pre_s50_sb75_se0_b_m2.mp3,0.047347452491521835,False
ElevenLabs_2024-03-31T18_46_31_Lily_pre_s50_sb75_se0_b_m2.mp3,0.07448898255825043,False
ElevenLabs_2024-03-31T18_41_17_Paul_pre_s50_sb75_se0_b_m2.mp3,0.0502290353178978,False
ElevenLabs_2024-03-31T18_41_52_Paul_pre_s50_sb75_se0_b_m2.mp3,0.06094799190759659,False
ElevenLabs_2024-03-31T18_39_46_Paul_pre_s50_sb75_se0_b_m2.mp3,0.051155515015125275,False
ElevenLabs_2024-03-31T18_40_39_Paul_pre_s50_sb75_se0_b_m2.mp3,0.05927001312375069,False
ElevenLabs_2024-03-31T18_40_54_Paul_pre_s50_sb75_se0_b_m2.mp3,0.0606367401778698,False
ElevenLabs_2024-03-31T18_39_36_Paul_pre_s50_sb75_se0_b_m2.mp3,0.049362581223249435,False
ElevenLabs_2024-03-31T18_42_14_Paul_pre_s50_sb75_se0_b_m2.mp3,0.057765502482652664,False
ElevenLabs_2024-03-31T18_40_25_Paul_pre_s50_sb75_se0_b_m2.mp3,0.04791981726884842,False
ElevenLabs_2024-03-31T18_41_27_Paul_pre_s50_sb75_se0_b_m2.mp3,0.048564184457063675,False
ElevenLabs_2024-03-31T18_40_31_Paul_pre_s50_sb75_se0_b_m2.mp3,0.05112037435173988,False
ElevenLabs_2024-04-01T13_07_28_Rachel_pre_s50_sb75_se0_b_m2.mp3,0.028618620708584785,False
ElevenLabs_2024-04-01T13_07_21_Rachel_pre_s50_sb75_se0_b_m2.mp3,0.02707132138311863,False
ElevenLabs_2024-04-01T13_08_33_Rachel_pre_s50_sb75_se0_b_m2.mp3,0.03705206513404846,False
ElevenLabs_2024-04-01T13_08_47_Rachel_pre_s50_sb75_se0_b_m2.mp3,0.021767044439911842,False
ElevenLabs_2024-04-01T13_05_32_Rachel_pre_s50_sb75_se0_b_m2.mp3,0.027739956974983215,False
ElevenLabs_2024-04-01T13_05_26_Rachel_pre_s50_sb75_se0_b_m2.mp3,0.02617526240646839,False
ElevenLabs_2024-04-01T13_09_01_Rachel_pre_s50_sb75_se0_b_m2.mp3,0.02759256400167942,False
ElevenLabs_2024-04-01T13_07_35_Rachel_pre_s50_sb75_se0_b_m2.mp3,0.038467444479465485,False
ElevenLabs_2024-04-01T13_08_14_Rachel_pre_s50_sb75_se0_b_m2.mp3,0.026492424309253693,False
ElevenLabs_2024-04-01T13_07_52_Rachel_pre_s50_sb75_se0_b_m2.mp3,0.03268691897392273,False
ElevenLabs_2024-04-01T13_08_21_Rachel_pre_s50_sb75_se0_b_m2.mp3,0.031064050272107124,False
ElevenLabs_2024-04-01T13_08_41_Rachel_pre_s50_sb75_se0_b_m2.mp3,0.03011144883930683,False
ElevenLabs_2024-04-01T13_08_00_Rachel_pre_s50_sb75_se0_b_m2.mp3,0.032420676201581955,False
ElevenLabs_2024-04-01T13_09_08_Rachel_pre_s50_sb75_se0_b_m2.mp3,0.025847306475043297,False
ElevenLabs_2024-04-01T13_08_26_Rachel_pre_s50_sb75_se0_b_m2.mp3,0.03877893090248108,False
ElevenLabs_2024-04-01T13_05_12_Rachel_pre_s50_sb75_se0_b_m2.mp3,0.04865727573633194,False
ElevenLabs_2024-04-01T13_05_19_Rachel_pre_s50_sb75_se0_b_m2.mp3,0.027794327586889267,False
ElevenLabs_2024-04-01T13_08_08_Rachel_pre_s50_sb75_se0_b_m2.mp3,0.03231880068778992,False
ElevenLabs_2024-04-01T13_08_53_Rachel_pre_s50_sb75_se0_b_m2.mp3,0.02329331450164318,False
ElevenLabs_2024-04-01T13_07_46_Rachel_pre_s50_sb75_se0_b_m2.mp3,0.017321377992630005,False
ElevenLabs_2024-03-31T19_11_49_Sam_pre_s50_sb75_se0_b_m2.mp3,0.1078137531876564,False
ElevenLabs_2024-03-31T19_13_01_Sam_pre_s50_sb75_se0_b_m2.mp3,0.09008553624153137,False
ElevenLabs_2024-03-31T19_17_04_Sam_pre_s50_sb75_se0_b_m2.mp3,0.09627323597669601,False
ElevenLabs_2024-03-31T19_12_04_Sam_pre_s50_sb75_se0_b_m2.mp3,0.11089321225881577,False
ElevenLabs_2024-03-31T19_18_37_Sam_pre_s50_sb75_se0_b_m2.mp3,0.1061050146818161,False
ElevenLabs_2024-03-31T19_13_15_Sam_pre_s50_sb75_se0_b_m2.mp3,0.07726508378982544,False
ElevenLabs_2024-03-31T19_11_43_Sam_pre_s50_sb75_se0_b_m2.mp3,0.09736977517604828,False
ElevenLabs_2024-03-31T19_13_37_Sam_pre_s50_sb75_se0_b_m2.mp3,0.07833192497491837,False
ElevenLabs_2024-03-31T19_13_47_Sam_pre_s50_sb75_se0_b_m2.mp3,0.08903516829013824,False
ElevenLabs_2024-03-31T19_12_10_Sam_pre_s50_sb75_se0_b_m2.mp3,0.0494384728372097,False
ElevenLabs_2024-03-31T19_11_57_Sam_pre_s50_sb75_se0_b_m2.mp3,0.030323371291160583,False
ElevenLabs_2024-03-31T19_12_26_Sam_pre_s50_sb75_se0_b_m2.mp3,0.0826813280582428,False
ElevenLabs_2024-03-31T19_12_38_Sam_pre_s50_sb75_se0_b_m2.mp3,0.09981980174779892,False
ElevenLabs_2024-03-31T19_16_17_Sam_pre_s50_sb75_se0_b_m2.mp3,0.09074180573225021,False
ElevenLabs_2024-03-31T19_11_29_Sam_pre_s50_sb75_se0_b_m2.mp3,0.06906232982873917,False
ElevenLabs_2024-03-31T19_16_44_Sam_pre_s50_sb75_se0_b_m2.mp3,0.07496940344572067,False
ElevenLabs_2024-03-31T19_12_16_Sam_pre_s50_sb75_se0_b_m2.mp3,0.11234110593795776,False
ElevenLabs_2024-03-31T19_11_37_Sam_pre_s50_sb75_se0_b_m2.mp3,0.0770924836397171,False
ElevenLabs_2024-03-31T18_53_46_Sarah_pre_s50_sb75_se0_b_m2.mp3,0.10842873156070709,False
ElevenLabs_2024-03-31T18_54_04_Sarah_pre_s50_sb75_se0_b_m2.mp3,0.12789562344551086,False
ElevenLabs_2024-03-31T18_54_13_Sarah_pre_s50_sb75_se0_b_m2.mp3,0.123621866106987,False
ElevenLabs_2024-03-31T18_54_33_Sarah_pre_s50_sb75_se0_b_m2.mp3,0.14001689851284027,False
ElevenLabs_2024-03-31T18_53_54_Sarah_pre_s50_sb75_se0_b_m2.mp3,0.11774002015590668,False
ElevenLabs_2024-03-31T18_54_48_Sarah_pre_s50_sb75_se0_b_m2.mp3,0.11369785666465759,False
ElevenLabs_2024-03-31T18_55_15_Sarah_pre_s50_sb75_se0_b_m2.mp3,0.13031649589538574,False
ElevenLabs_2024-03-31T18_54_22_Sarah_pre_s50_sb75_se0_b_m2.mp3,0.12232976406812668,False
ElevenLabs_2024-03-31T18_53_20_Sarah_pre_s50_sb75_se0_b_m2.mp3,0.10696149617433548,False
ElevenLabs_2024-03-31T18_53_10_Sarah_pre_s50_sb75_se0_b_m2.mp3,0.1317233145236969,False
ElevenLabs_2024-03-31T17_17_44_Thomas_pre_s50_sb75_se0_b_m2.mp3,0.04427041858434677,False
ElevenLabs_2024-03-31T17_19_38_Thomas_pre_s50_sb75_se0_b_m2.mp3,0.10760662704706192,False
ElevenLabs_2024-03-31T18_28_58_Thomas_pre_s50_sb75_se0_b_m2.mp3,0.06397821009159088,False
ElevenLabs_2024-03-31T18_29_27_Thomas_pre_s50_sb75_se0_b_m2.mp3,0.1285472810268402,False
ElevenLabs_2024-03-31T17_15_41_Thomas_pre_s50_sb75_se0_b_m2.mp3,0.172127828001976,False
ElevenLabs_2024-03-31T18_27_48_Thomas_pre_s50_sb75_se0_b_m2.mp3,0.08709701895713806,False
ElevenLabs_2024-03-31T18_30_02_Thomas_pre_s50_sb75_se0_b_m2.mp3,0.06963913887739182,False
ElevenLabs_2024-03-31T17_20_21_Thomas_pre_s50_sb75_se0_b_m2.mp3,0.1262124627828598,False
ElevenLabs_2024-03-31T17_18_36_Thomas_pre_s50_sb75_se0_b_m2.mp3,0.07551523298025131,False
ElevenLabs_2024-03-31T18_28_44_Thomas_pre_s50_sb75_se0_b_m2.mp3,0.08485573530197144,False
ElevenLabs_2024-06-28T15_02_12_Grace.mp3,0.04651894420385361,False
ElevenLabs_2024-06-28T15_00_15_Grace.mp3,0.054502006620168686,False
ElevenLabs_2024-06-28T14_35_32_Daniel.mp3,0.057554010301828384,False
ElevenLabs_2024-06-28T14_52_09_Jeremy.mp3,0.05062808468937874,False
ElevenLabs_2024-06-28T14_53_34_Jeremy.mp3,0.05587485432624817,False
ElevenLabs_2024-06-28T15_01_52_Grace.mp3,0.0567585788667202,False
ElevenLabs_2024-06-28T14_36_15_Daniel.mp3,0.04641476273536682,False
ElevenLabs_2024-06-28T14_57_34_Grace.mp3,0.06011037901043892,False
ElevenLabs_2024-06-28T14_51_41_Jeremy.mp3,0.056797876954078674,False
ElevenLabs_2024-06-28T15_00_57_Grace.mp3,0.06222115457057953,False
ElevenLabs_2024-06-28T14_39_52_Daniel.mp3,0.05719622224569321,False
ElevenLabs_2024-06-28T14_43_38_Clyde.mp3,0.057678427547216415,False
ElevenLabs_2024-06-28T14_46_51_Clyde.mp3,0.06547859311103821,False
ElevenLabs_2024-06-28T14_47_22_Clyde.mp3,0.04431738331913948,False
ElevenLabs_2024-06-28T14_47_48_Clyde.mp3,0.056095317006111145,False
ElevenLabs_2024-06-28T14_43_13_Clyde.mp3,0.04474179446697235,False
ElevenLabs_2024-06-28T15_02_58_Grace.mp3,0.04924492910504341,False
ElevenLabs_2024-06-28T14_37_32_Daniel.mp3,0.07118945568799973,False
ElevenLabs_2024-06-28T14_48_10_Clyde.mp3,0.0761275663971901,False
ElevenLabs_2024-06-28T14_53_55_Jeremy.mp3,0.055354535579681396,False
ElevenLabs_2024-06-28T14_52_47_Jeremy.mp3,0.05391774699091911,False
ElevenLabs_2024-06-28T14_42_47_Clyde.mp3,0.06395230442285538,False
ElevenLabs_2024-06-28T15_01_14_Grace.mp3,0.06597987562417984,False
ElevenLabs_2024-06-28T15_05_34_Harry.mp3,0.059848006814718246,False
ElevenLabs_2024-06-28T14_56_08_Grace.mp3,0.050980500876903534,False
ElevenLabs_2024-06-28T14_38_53_Daniel.mp3,0.05620032921433449,False
ElevenLabs_2024-06-28T14_53_07_Jeremy.mp3,0.05275462567806244,False
ElevenLabs_2024-06-28T14_39_14_Daniel.mp3,0.056520894169807434,False
ElevenLabs_2024-06-28T14_44_03_Clyde.mp3,0.05524805933237076,False
ElevenLabs_2024-06-28T14_56_41_Grace.mp3,0.05184254050254822,False
ElevenLabs_2024-06-28T15_05_17_Harry.mp3,0.05603052303195,False
ElevenLabs_2024-06-28T14_49_50_Jeremy.mp3,0.04675210267305374,False
ElevenLabs_2024-06-28T14_51_12_Jeremy.mp3,0.04254789277911186,False
ElevenLabs_2024-06-28T14_56_25_Grace.mp3,0.049193184822797775,False
ElevenLabs_2024-06-28T14_37_06_Daniel.mp3,0.06527192145586014,False
ElevenLabs_2024-06-28T14_59_19_Grace.mp3,0.05186661332845688,False
ElevenLabs_2024-06-28T14_45_24_Clyde.mp3,0.057562150061130524,False
ElevenLabs_2024-06-28T14_56_57_Grace.mp3,0.06428353488445282,False
ElevenLabs_2024-06-28T15_02_28_Grace.mp3,0.04945420101284981,False
ElevenLabs_2024-06-28T14_49_31_Jeremy.mp3,0.049422260373830795,False
ElevenLabs_2024-06-28T14_55_46_Grace.mp3,0.048799339681863785,False
ElevenLabs_2024-06-28T14_36_39_Daniel.mp3,0.06274398416280746,False
ElevenLabs_2024-06-28T14_44_28_Clyde.mp3,0.06199745088815689,False
ElevenLabs_2024-06-28T15_01_30_Grace.mp3,0.05827822908759117,False
ElevenLabs_2024-06-28T14_59_54_Grace.mp3,0.0416220985352993,False
ElevenLabs_2024-06-28T14_52_28_Jeremy.mp3,0.069976806640625,False
ElevenLabs_2024-06-28T14_46_17_Clyde.mp3,0.0641220360994339,False
ElevenLabs_2024-06-28T14_44_56_Clyde.mp3,0.06568335741758347,False
ElevenLabs_2024-06-28T14_39_32_Daniel.mp3,0.06276751309633255,False
ElevenLabs_2024-06-28T14_40_17_Daniel.mp3,0.06915833055973053,False
ElevenLabs_2024-06-28T15_03_36_Grace.mp3,0.04959262162446976,False
ElevenLabs_2024-06-28T15_04_56_Harry.mp3,0.05276989936828613,False
ElevenLabs_2024-06-28T14_57_11_Grace.mp3,0.05185306444764137,False
ElevenLabs_2024-06-28T14_45_43_Clyde.mp3,0.06974254548549652,False
ElevenLabs_2024-06-28T14_54_15_Jeremy.mp3,0.05005566030740738,False
ElevenLabs_2024-06-28T14_50_10_Jeremy.mp3,0.053897298872470856,False
ElevenLabs_2024-06-28T14_38_03_Daniel.mp3,0.061922285705804825,False
ElevenLabs_2024-06-28T14_50_36_Jeremy.mp3,0.05305042117834091,False
ElevenLabs_2024-06-28T14_42_18_Clyde.mp3,0.059818193316459656,False
ElevenLabs_2024-06-28T15_00_32_Grace.mp3,0.048659563064575195,False
ttsmaker-file-2024-6-29-4-51-5.mp3,0.08857254683971405,False
ttsmaker-file-2024-6-29-5-16-1.mp3,0.059512730687856674,False
ttsmaker-file-2024-6-29-5-6-25.mp3,0.0754917562007904,False
ttsmaker-file-2024-6-29-5-2-20.mp3,0.08629310131072998,False
ttsmaker-file-2024-6-29-4-48-45.mp3,0.07614666223526001,False
ttsmaker-file-2024-6-29-4-52-1.mp3,0.08197815716266632,False
ElevenLabs_2024-06-28T18_49_00_Josh_pre_s50_sb75_se0_b_m2.mp3,0.04668470844626427,False
ttsmaker-file-2024-6-29-5-1-56.mp3,0.06221327558159828,False
ttsmaker-file-2024-6-29-5-3-37.mp3,0.07262895256280899,False
ttsmaker-file-2024-6-29-5-11-50.mp3,0.06393864750862122,False
ttsmaker-file-2024-6-29-4-50-12.mp3,0.07593432068824768,False
ttsmaker-file-2024-6-29-5-4-31.mp3,0.05275319889187813,False
ttsmaker-file-2024-6-29-5-17-35.mp3,0.07010818272829056,False
ttsmaker-file-2024-6-29-4-48-13.mp3,0.07614666223526001,False
ttsmaker-file-2024-6-29-4-49-1.mp3,0.07732117176055908,False
ttsmaker-file-2024-6-29-5-6-44.mp3,0.06907982379198074,False
ttsmaker-file-2024-6-29-5-16-23.mp3,0.06719786673784256,False
ttsmaker-file-2024-6-29-5-5-18.mp3,0.07260295748710632,False
ElevenLabs_2024-06-28T18_49_22_Josh_pre_s50_sb75_se0_b_m2.mp3,0.04005018249154091,False
ttsmaker-file-2024-6-29-5-17-8.mp3,0.06735052913427353,False
ttsmaker-file-2024-6-29-5-1-33.mp3,0.06502300500869751,False
ttsmaker-file-2024-6-29-5-14-28.mp3,0.06573128700256348,False
ttsmaker-file-2024-6-29-5-13-54.mp3,0.06573128700256348,False
ttsmaker-file-2024-6-29-4-47-12.mp3,0.08115454018115997,False
ttsmaker-file-2024-6-29-5-4-47.mp3,0.07260295748710632,False
ElevenLabs_2024-06-28T18_48_22_Josh_pre_s50_sb75_se0_b_m2.mp3,0.03606835752725601,False
ttsmaker-file-2024-6-29-5-3-5.mp3,0.07262895256280899,False
ttsmaker-file-2024-6-29-5-3-56.mp3,0.07697746902704239,False
ElevenLabs_2024-06-28T18_49_50_Josh_pre_s50_sb75_se0_b_m2.mp3,0.0496850311756134,False
ttsmaker-file-2024-6-29-5-3-22.mp3,0.06741926819086075,False
ElevenLabs_2024-06-28T18_48_50_Josh_pre_s50_sb75_se0_b_m2.mp3,0.04144103825092316,False
ttsmaker-file-2024-6-29-5-0-54.mp3,0.07077520340681076,False
ttsmaker-file-2024-6-29-5-5-49.mp3,0.07731398195028305,False
ttsmaker-file-2024-6-29-5-6-9.mp3,0.08652938157320023,False
ElevenLabs_2024-06-28T18_49_31_Josh_pre_s50_sb75_se0_b_m2.mp3,0.06377333402633667,False
ttsmaker-file-2024-6-29-4-51-24.mp3,0.07745750993490219,False
ttsmaker-file-2024-6-29-5-14-10.mp3,0.05848038196563721,False
ElevenLabs_2024-06-28T18_48_11_Josh_pre_s50_sb75_se0_b_m2.mp3,0.03468424826860428,False
ElevenLabs_2024-06-28T18_48_32_Josh_pre_s50_sb75_se0_b_m2.mp3,0.038099128752946854,False
ElevenLabs_2024-06-28T18_49_10_Josh_pre_s50_sb75_se0_b_m2.mp3,0.031853046268224716,False
ttsmaker-file-2024-6-29-5-2-36.mp3,0.07090377807617188,False
ttsmaker-file-2024-6-29-5-12-6.mp3,0.07064238935709,False
ttsmaker-file-2024-6-29-5-16-48.mp3,0.060539212077856064,False
ttsmaker-file-2024-6-29-4-50-43.mp3,0.07593432068824768,False
ttsmaker-file-2024-6-29-4-49-25.mp3,0.07978621870279312,False
ttsmaker-file-2024-6-29-5-13-31.mp3,0.08083329349756241,False
ttsmaker-file-2024-6-29-5-14-51.mp3,0.06705499440431595,False
ttsmaker-file-2024-6-29-5-5-2.mp3,0.05275319889187813,False
ttsmaker-file-2024-6-29-5-15-10.mp3,0.07825251668691635,False
ElevenLabs_2024-06-28T18_47_42_Josh_pre_s50_sb75_se0_b_m2.mp3,0.03686664253473282,False
ttsmaker-file-2024-6-29-4-51-40.mp3,0.07946637272834778,False
ttsmaker-file-2024-6-29-5-12-56.mp3,0.07765354216098785,False
ttsmaker-file-2024-6-29-5-12-41.mp3,0.07143782079219818,False
ttsmaker-file-2024-6-29-5-12-24.mp3,0.07765354216098785,False
ttsmaker-file-2024-6-29-4-50-28.mp3,0.07756238430738449,False
ttsmaker-file-2024-6-29-5-15-33.mp3,0.06545522063970566,False
ttsmaker-file-2024-6-29-5-1-10.mp3,0.07866929471492767,False
ttsmaker-file-2024-6-29-4-49-53.mp3,0.0793202668428421,False
ttsmaker-file-2024-6-29-4-47-47.mp3,0.08115454018115997,False
