Audio_name,spectral_cendtroid_1,Label
A13_170.wav,1649.564099364628,True
A14_87.wav,1418.4685128234053,True
A33_5.wav,1938.664975262083,True
A14_143.wav,1276.2255611759201,True
A2_20.wav,1560.2641807156044,True
A32_247.wav,2194.632269542178,True
A22_102.wav,1120.4281526728662,True
A4_158.wav,1730.9975632103242,True
A36_125.wav,2043.7740036489135,True
A19_161.wav,1390.691124683925,True
A11_237.wav,1913.5136729128587,True
A13_231.wav,1529.337988743921,True
A6_199.wav,1563.7199378183393,True
A32_249.wav,2176.5013462809916,True
A4_87.wav,1744.7633452383,True
A32_234.wav,2114.7760244022197,True
A14_245.wav,1613.4101288653142,True
A6_44.wav,1581.0477623586767,True
A23_155.wav,1005.8313958043475,True
A2_82.wav,1459.3510145382818,True
A14_5.wav,1385.6348404746561,True
A14_4.wav,1448.6616816424757,True
A4_180.wav,1736.243542660862,True
A2_218.wav,1134.912990842098,True
A11_36.wav,1624.0746189475894,True
A11_92.wav,2058.568408561311,True
A4_197.wav,1808.1262522051557,True
A2_143.wav,1153.1836655456882,True
A2_70.wav,1515.503741052423,True
A11_18.wav,1574.3183094045482,True
A34_101.wav,1963.5630526806613,True
A34_74.wav,2085.8702981444894,True
A6_182.wav,1907.7431809042512,True
A19_182.wav,1607.0123916233147,True
A13_218.wav,1440.8873112281908,True
A14_67.wav,1401.982335587575,True
A11_149.wav,1707.26087197605,True
A36_97.wav,2059.822154617029,True
A32_193.wav,2278.7747324481866,True
A19_214.wav,1516.0459724219186,True
A34_231.wav,1690.3689462903635,True
A23_79.wav,1156.5163829105325,True
A14_58.wav,1519.3067859070416,True
A36_87.wav,2134.1596141538525,True
A4_179.wav,2029.999428863,True
A2_35.wav,1491.4632285250584,True
A2_73.wav,1591.732419432564,True
A22_53.wav,1130.8050498500058,True
A34_31.wav,1856.9798140757732,True
A12_131.wav,1829.6231511697422,True
A11_187.wav,1934.6277021772228,True
A12_95.wav,1306.127647525515,True
A11_193.wav,1811.7731672472603,True
A22_139.wav,1662.7436699289278,True
A19_230.wav,1705.3079642931064,True
A13_72.wav,1670.4805575421942,True
A19_108.wav,1544.0841969922249,True
A12_148.wav,1573.1300626399322,True
A23_141.wav,1029.971975727636,True
A13_155.wav,1493.9981595512697,True
A32_124.wav,2150.379811080022,True
A22_42.wav,1089.6852252285107,True
A6_133.wav,1683.6291906351755,True
A22_188.wav,1626.9002912885153,True
A32_194.wav,2365.1540412080735,True
A23_138.wav,1082.3683812544994,True
A33_90.wav,1838.8381802543831,True
A4_186.wav,1744.4190664050657,True
A11_160.wav,1745.5299266732195,True
A36_110.wav,2045.1355967442444,True
A6_0.wav,1998.5687776367165,True
A34_221.wav,1658.066592570026,True
A34_47.wav,1941.8169049641451,True
A32_196.wav,2071.870828054733,True
A23_182.wav,1225.41509698125,True
A4_28.wav,1614.934482747875,True
A22_17.wav,1314.0279568400167,True
A34_89.wav,2151.1579506656803,True
A34_36.wav,1978.7338113337212,True
A23_3.wav,943.3070563578157,True
A2_161.wav,1183.7849384119838,True
A14_85.wav,1448.498566715475,True
A22_235.wav,1682.4376491195192,True
A11_25.wav,1677.235853193882,True
A22_140.wav,1718.8283690716444,True
A23_179.wav,1170.400389699815,True
A7_135.wav,1408.2805537808144,True
A23_146.wav,1021.7183011588835,True
A19_210.wav,1585.076256794809,True
A4_202.wav,1800.4830840540908,True
A36_100.wav,2174.919855991029,True
A14_107.wav,1504.176975558735,True
A7_174.wav,1414.6924163316767,True
A13_109.wav,1543.4335647495452,True
A7_15.wav,1352.9072539795654,True
A6_85.wav,1759.463984533534,True
A11_161.wav,1545.6496363154226,True
A34_56.wav,1906.0280918187932,True
A13_214.wav,1466.6606060267563,True
A6_180.wav,1780.8465072137196,True
A6_174.wav,1749.4031342621129,True
A12_86.wav,1238.7215103174672,True
A14_191.wav,1618.6037256569753,True
A12_91.wav,1409.6162490833528,True
A6_117.wav,1998.251872282528,True
A34_122.wav,1828.2358033109065,True
A32_74.wav,2085.42159625926,True
A19_7.wav,1535.4857257051797,True
A23_98.wav,1019.2999619746904,True
A33_54.wav,1554.7375281283241,True
A33_40.wav,1991.123614279005,True
A11_207.wav,1857.9243613671072,True
A32_228.wav,2424.997939115336,True
A14_140.wav,1651.8758770490383,True
A6_80.wav,1441.1581111686503,True
A4_78.wav,1880.2870282444094,True
A22_18.wav,1142.7731490412064,True
A19_52.wav,1703.8778509549381,True
A4_181.wav,1636.1426801437553,True
A6_5.wav,1650.1815079128694,True
A2_225.wav,1240.6628054574105,True
A2_77.wav,1585.3338925064236,True
A22_191.wav,1837.1467220074996,True
A23_219.wav,1146.5600127293499,True
A4_184.wav,1824.0220980743297,True
A12_149.wav,1506.5710023506401,True
A13_216.wav,1480.3264033053522,True
A23_117.wav,958.8207008561793,True
A22_1.wav,1060.9635809336892,True
A23_16.wav,1071.623856536817,True
A14_101.wav,1583.1506191489452,True
A4_35.wav,1499.5514964940983,True
A6_96.wav,1777.559573668967,True
A2_171.wav,1270.4093793163731,True
A11_234.wav,1652.2709664813256,True
A32_30.wav,1895.14892198424,True
A33_75.wav,2091.903909342609,True
A14_249.wav,1651.3931305461333,True
A32_241.wav,2254.977058119509,True
A6_113.wav,1848.8037893598314,True
A34_190.wav,1823.4916904198863,True
A22_153.wav,1733.5913283443977,True
A2_84.wav,1457.177650086199,True
A2_68.wav,1549.6984748613284,True
A2_46.wav,1441.2027902478076,True
A7_124.wav,1334.993018907866,True
A14_179.wav,1787.997292259357,True
A4_59.wav,1742.6555382060094,True
A22_128.wav,1656.3684621365248,True
A23_12.wav,1005.6381713139778,True
A34_37.wav,2186.8101438407743,True
A32_248.wav,2171.5085289806757,True
A13_191.wav,1716.6629356084313,True
A11_154.wav,1643.6204219798774,True
A13_146.wav,1633.615766198067,True
A14_115.wav,1385.3730970035122,True
A23_210.wav,1231.750271223018,True
A23_173.wav,925.5039997287065,True
A6_56.wav,1636.4726082783627,True
A33_1.wav,1832.627990539183,True
A12_77.wav,1332.1361472760118,True
A36_122.wav,2186.0849092041685,True
A12_111.wav,1451.3011628812149,True
A11_174.wav,1934.3806213167516,True
A6_58.wav,2011.1167753264554,True
A2_61.wav,1484.318240635902,True
A11_226.wav,1964.131537748892,True
A4_95.wav,1557.4188792425405,True
A6_177.wav,1616.5669429453728,True
A23_244.wav,1247.053865926376,True
A19_100.wav,1697.3440488427675,True
A4_31.wav,1593.9246309106647,True
A19_101.wav,1672.3699060874094,True
A19_28.wav,1575.2011123805983,True
A12_88.wav,1223.6094464456428,True
A32_77.wav,2210.7466277808535,True
A2_240.wav,1255.2356727139434,True
A33_55.wav,1520.4691564833217,True
A23_151.wav,1200.84468998578,True
A14_7.wav,1269.0052267529275,True
A2_33.wav,1516.1818031343437,True
A4_126.wav,1729.383456561139,True
A13_51.wav,1542.3032551619106,True
A22_241.wav,1718.9369823223024,True
A6_127.wav,1815.684462298334,True
A13_85.wav,1724.2965002723224,True
A11_225.wav,1934.7021907462458,True
A36_246.wav,2019.683219244365,True
A36_12.wav,2162.2847140103518,True
A19_129.wav,1490.32387316573,True
A23_189.wav,992.7804316018662,True
A4_203.wav,1486.3594244630406,True
A23_35.wav,1057.399788441917,True
A2_63.wav,1562.6518396826896,True
A34_69.wav,1964.2110383762968,True
A2_58.wav,1676.0159390525462,True
A32_57.wav,2249.189267732916,True
A22_146.wav,1680.5623363519198,True
A14_72.wav,1411.821906321595,True
A34_200.wav,1648.2748547046149,True
A23_192.wav,1075.7857685825873,True
A19_171.wav,1532.0822218140795,True
A2_112.wav,1337.8440622083597,True
A4_37.wav,1725.478403699451,True
A34_226.wav,1715.7261326281437,True
A14_195.wav,1628.1078923215848,True
A22_152.wav,1909.1946500821014,True
A2_188.wav,1221.1134463371984,True
A2_173.wav,1181.802685590047,True
A22_156.wav,1587.5909148619912,True
A11_247.wav,1733.7736907349865,True
A22_79.wav,1094.3757404354424,True
A6_126.wav,1764.4036490593362,True
A34_209.wav,1627.4010837678982,True
A2_115.wav,1343.6099820498393,True
A23_1.wav,1018.5783603507786,True
A32_72.wav,2101.66111905257,True
A7_168.wav,1265.1873758825818,True
A4_40.wav,1765.5371758099311,True
A13_34.wav,1766.9942553551655,True
A34_106.wav,1782.124871096382,True
A11_16.wav,1708.5749619284934,True
A6_144.wav,1869.5572158396644,True
A34_11.wav,1845.023340194331,True
A34_65.wav,2051.5754630113483,True
A4_8.wav,1946.0906389968573,True
A22_129.wav,1711.6403738449844,True
A13_2.wav,1908.4771441528264,True
A14_192.wav,1621.8136759440606,True
A19_134.wav,1570.2269573246444,True
A2_109.wav,1347.000436189404,True
A33_48.wav,2029.1550219165651,True
A32_180.wav,2236.138537388757,True
A22_25.wav,1464.8846259740287,True
A19_58.wav,1718.3480856124818,True
A14_212.wav,1540.4823118143445,True
A2_191.wav,1512.326169918548,True
A23_4.wav,1012.7916038297392,True
A14_187.wav,1480.9720618396263,True
A7_136.wav,1460.2352172032715,True
A23_57.wav,1088.5366963179965,True
A13_7.wav,1428.4384443464867,True
A13_15.wav,1655.3019405556422,True
A22_107.wav,1187.893621200113,True
A14_82.wav,1474.399628021622,True
A13_71.wav,1613.2389965807072,True
A36_232.wav,1878.2980972302814,True
A32_131.wav,2571.4592241150326,True
A22_248.wav,1684.4232753389601,True
A14_110.wav,1378.446248853395,True
A14_153.wav,1586.4748089822524,True
A14_174.wav,1461.0427517546673,True
A14_207.wav,1504.8952447060037,True
A14_1.wav,1416.0242073188833,True
A2_247.wav,1285.228930951129,True
A32_69.wav,1949.7350069623828,True
A23_174.wav,1085.7434729591405,True
A34_82.wav,2126.3205275481914,True
A34_212.wav,1638.1494022001034,True
A6_1.wav,1748.882471754351,True
A4_80.wav,1544.5655504256667,True
A19_200.wav,1504.8063818476376,True
A6_171.wav,1687.3618381521562,True
A14_25.wav,1524.1168805998266,True
A23_139.wav,1060.3965221720587,True
A14_9.wav,1379.8327305413748,True
A32_114.wav,2127.9550410206025,True
A2_116.wav,1539.9662547530834,True
A4_245.wav,1806.038067438551,True
A2_179.wav,1559.545089151345,True
A13_245.wav,1609.176540298794,True
A13_235.wav,1457.3758607249235,True
A36_104.wav,2284.6276721547465,True
A4_9.wav,1676.702277838035,True
A19_174.wav,1696.772240497862,True
A32_107.wav,2188.5716373019814,True
A11_142.wav,1643.2336129832868,True
A11_200.wav,1678.898542663832,True
A6_215.wav,1827.3480232658749,True
A32_185.wav,2033.6321030827328,True
A32_161.wav,1839.6647540500292,True
A13_138.wav,1604.4981059389359,True
A13_93.wav,1586.2542391192637,True
A19_150.wav,1435.037092868921,True
A22_157.wav,1717.4197421592069,True
A32_3.wav,2199.1649755270164,True
A23_37.wav,1060.4146917747678,True
A36_188.wav,2019.087073929182,True
A23_220.wav,1200.9032254476851,True
A7_122.wav,1393.6953659207095,True
A11_1.wav,1469.9687090146292,True
A32_129.wav,2197.9221055822677,True
A14_154.wav,1351.2957876621365,True
A34_17.wav,1779.8040244342917,True
A36_123.wav,2002.9217595196462,True
A32_159.wav,2055.7930388498985,True
A13_207.wav,1450.0670234781517,True
A4_29.wav,1863.7689854838509,True
A4_150.wav,1534.0042366502073,True
A13_115.wav,1642.6543593513327,True
A36_238.wav,2045.7036724834572,True
A6_178.wav,1708.8361132119703,True
A23_137.wav,951.7154243837932,True
A32_212.wav,2331.9212597615283,True
A23_49.wav,982.4813946136579,True
A4_211.wav,1840.0426843865546,True
A11_224.wav,2047.938737775354,True
A19_3.wav,1639.411808300625,True
A2_208.wav,1359.5328792820178,True
A36_130.wav,2291.722667323828,True
A4_91.wav,1659.796473175949,True
A36_160.wav,2040.8282586065686,True
A22_231.wav,1816.3167365638767,True
A19_164.wav,1522.7759405475558,True
A34_239.wav,1660.9543415255803,True
A14_22.wav,1376.8976171770748,True
A6_160.wav,1681.1183913244765,True
A32_179.wav,2553.356107503848,True
A33_78.wav,1561.4419261073404,True
A4_246.wav,1658.8110369591216,True
A6_7.wav,1579.6372608898375,True
A4_242.wav,1767.817220282064,True
A13_99.wav,1499.8579126201776,True
A12_41.wav,1449.7497645346018,True
A19_67.wav,1692.142738817506,True
A23_93.wav,1046.093679917447,True
A23_127.wav,1100.120189311779,True
A11_19.wav,1683.7839809566922,True
A6_77.wav,1736.1746047616557,True
A13_188.wav,1384.88304044282,True
A36_187.wav,2197.3016078837477,True
A33_81.wav,1732.2238888642642,True
A32_240.wav,2284.3288288216877,True
A13_122.wav,1623.5143887576255,True
A32_156.wav,1969.8506125456095,True
A4_24.wav,1640.22922668046,True
A4_11.wav,1945.6728926012966,True
A6_75.wav,1607.6727411035417,True
A2_174.wav,1352.2918605240307,True
A23_239.wav,1214.8167371569564,True
A33_92.wav,1900.3711249028277,True
A2_144.wav,1366.1304352551529,True
A22_142.wav,1563.5418945593785,True
A12_136.wav,1552.8406317977717,True
A12_85.wav,1349.871759918283,True
A19_163.wav,1558.103285774025,True
A12_38.wav,1360.8895945225624,True
A4_53.wav,1593.635104571361,True
A14_6.wav,1454.3476489842415,True
A23_73.wav,1105.152501997625,True
A32_203.wav,1809.6710626986205,True
A32_0.wav,2182.2468721425234,True
A32_130.wav,2353.360223160569,True
A22_60.wav,1031.883586397019,True
A6_248.wav,1760.964695928404,True
A6_207.wav,1890.2233231307016,True
A23_168.wav,1018.5008350043955,True
A23_131.wav,1250.2165740346709,True
A33_107.wav,1754.41074546161,True
A13_111.wav,1509.189235155629,True
A14_68.wav,1500.0352321726923,True
A36_20.wav,2316.651229631936,True
A12_23.wav,1192.8181205698859,True
A2_22.wav,1513.9475985857064,True
A34_235.wav,1617.488462721788,True
A36_57.wav,2346.029109889762,True
A6_20.wav,1636.7039962885374,True
A11_73.wav,1865.8025431176857,True
A23_226.wav,1252.1983152507416,True
A13_33.wav,1652.6125258373024,True
A12_116.wav,1580.869905791083,True
A19_244.wav,1480.808677139644,True
A2_159.wav,1346.923576113918,True
A14_238.wav,1645.249738832074,True
A36_58.wav,2389.700788952528,True
A34_55.wav,1797.5501948855733,True
A6_230.wav,2048.54212505724,True
A32_169.wav,2188.8415745185484,True
A13_86.wav,1759.8173639672248,True
A23_249.wav,1321.3996766143905,True
A7_121.wav,1338.9236505014592,True
A7_152.wav,1569.649929044157,True
A6_227.wav,1818.4608860499895,True
A32_195.wav,2228.1592141827605,True
A32_19.wav,2116.5444655949705,True
A2_106.wav,1364.3800910632283,True
A22_3.wav,1038.6475060920015,True
A2_165.wav,1456.5461465450746,True
A13_44.wav,1554.659907567323,True
A14_152.wav,1793.3550783394066,True
A14_197.wav,1590.905856566486,True
A14_144.wav,1584.3868148618778,True
A33_91.wav,1703.548969961147,True
A32_116.wav,2450.913633865323,True
A6_184.wav,1728.5134047995757,True
A13_179.wav,1946.763800648361,True
A12_107.wav,1466.5962872983662,True
A32_219.wav,2150.68232694138,True
A11_249.wav,1811.3497445563753,True
A34_109.wav,1746.1315942041333,True
A23_216.wav,1201.259640828009,True
A14_30.wav,1431.973460854745,True
A12_2.wav,1492.5017674952535,True
A22_80.wav,1093.818735521878,True
A11_118.wav,1726.2224695925493,True
A2_29.wav,1526.2949190999802,True
A19_185.wav,1542.4320818398066,True
A19_103.wav,1462.0736306073402,True
A6_139.wav,1722.9179679151025,True
A7_158.wav,1520.1992655028207,True
A7_18.wav,1242.6198012896737,True
A7_180.wav,1438.6503321984155,True
A11_111.wav,1671.9081801378031,True
A36_198.wav,1953.8875599654018,True
A34_208.wav,1749.9616679213043,True
A2_32.wav,1421.1896723842092,True
A22_210.wav,1705.1117939330647,True
A13_197.wav,1568.6188659118995,True
A6_35.wav,1626.2311368895132,True
A4_127.wav,1907.1787399613747,True
A34_20.wav,1763.8652448027783,True
A33_27.wav,1726.0437650552678,True
A6_105.wav,1588.6176833580466,True
A23_215.wav,1144.4764409275745,True
A6_55.wav,1545.111720650605,True
A2_18.wav,1456.970349353207,True
A22_177.wav,1686.5617247563841,True
A36_126.wav,2020.4294327697369,True
A23_99.wav,970.3011122712372,True
A22_51.wav,1189.9197771920415,True
A14_217.wav,1562.6042397116937,True
A22_101.wav,1328.4109641305702,True
A12_34.wav,1383.0751278686016,True
A2_200.wav,1255.8288001819103,True
A36_185.wav,2060.4239374931913,True
A22_49.wav,1175.8387293431922,True
A14_27.wav,1327.0034186195799,True
A32_143.wav,1939.1283887412046,True
A6_50.wav,1612.8782643305003,True
A14_151.wav,1759.3966763542599,True
A34_168.wav,1891.7358176107339,True
A11_66.wav,1739.941310900233,True
A35_2.wav,2055.267443093614,True
A34_94.wav,2083.25482642937,True
A6_51.wav,1629.5668984169429,True
A11_130.wav,1908.2187295519898,True
A19_209.wav,1555.1737293419885,True
A22_242.wav,1812.0590195182763,True
A13_75.wav,1665.6376918261396,True
A14_209.wav,1589.053466838232,True
A2_152.wav,1551.216408755553,True
A36_88.wav,2094.9508238149792,True
A14_232.wav,1526.5321829211744,True
A13_59.wav,1580.1231138243984,True
A36_207.wav,1974.6095462878907,True
A14_41.wav,1516.842470625333,True
A11_88.wav,1584.810728476233,True
A4_61.wav,1519.095946186798,True
A2_193.wav,1390.0553948901695,True
A19_87.wav,1585.4108791261585,True
A34_201.wav,1678.5505686128997,True
A19_241.wav,1575.7393942470765,True
A4_114.wav,1785.7336858766512,True
A36_165.wav,2272.462276138521,True
A34_119.wav,1880.437184767913,True
A23_21.wav,947.4919195661505,True
A32_51.wav,2112.8296482839664,True
A6_233.wav,1595.8213766781103,True
A34_158.wav,1905.219905799939,True
A2_49.wav,1344.441895889461,True
A36_209.wav,2007.5544800052699,True
A4_199.wav,1707.1943964207153,True
A11_67.wav,1755.5696606764648,True
A6_47.wav,1709.0191735972521,True
A36_84.wav,2141.1823819732554,True
A34_24.wav,1731.0903503928696,True
A36_124.wav,2014.037212230567,True
A11_34.wav,1633.9758261132322,True
A4_120.wav,1735.8857761579193,True
A32_157.wav,1936.0432036637917,True
A19_10.wav,1636.192877667795,True
A4_27.wav,1879.4218626042605,True
A2_93.wav,1448.0700881803853,True
A12_13.wav,1371.6653805067067,True
A4_177.wav,1587.0836785541792,True
A36_215.wav,1921.6457884431404,True
A19_18.wav,1583.5605636544374,True
A36_194.wav,2150.2468876664607,True
A11_138.wav,1755.5932778594242,True
A34_12.wav,1829.6005740725557,True
A6_107.wav,1898.954899724767,True
A19_40.wav,1775.1353023104243,True
A34_77.wav,2062.294955445111,True
A22_135.wav,1632.680204829787,True
A14_230.wav,1844.9252886218235,True
A2_216.wav,1228.590929802446,True
A23_238.wav,1274.8830964074439,True
A4_116.wav,1962.427419233938,True
A36_0.wav,2277.3803660343806,True
A2_194.wav,1450.4720576525401,True
A11_85.wav,1813.1154627664323,True
A34_78.wav,1863.6155846344006,True
A22_203.wav,1512.7875969829715,True
A22_103.wav,1016.0705062000549,True
A23_104.wav,1155.0280915963112,True
A13_199.wav,1438.5684977122803,True
A14_139.wav,1516.5863860626985,True
A6_151.wav,2242.316261365513,True
A11_37.wav,1690.9954182960805,True
A6_163.wav,1825.4962248312638,True
A22_225.wav,1793.753323292724,True
A19_51.wav,1513.7577406013638,True
A11_204.wav,1977.5744096630453,True
A13_79.wav,1693.7674837445436,True
A2_101.wav,1629.2091560988888,True
A19_60.wav,1509.2491707163783,True
A19_5.wav,1747.6568616498782,True
A4_41.wav,1979.9154316741012,True
A34_84.wav,2030.567141867923,True
A6_185.wav,1617.4007754467561,True
A4_169.wav,1639.6057613216099,True
A6_239.wav,1819.1969336676277,True
A34_48.wav,2140.5498159459357,True
A12_7.wav,1265.3704513818864,True
A34_170.wav,1873.221854207905,True
A32_38.wav,2063.3005369625034,True
A7_132.wav,1355.4011537525937,True
A32_170.wav,2160.1921200675934,True
A33_88.wav,1601.7004881211928,True
A2_54.wav,1433.6126618661851,True
A13_104.wav,1679.499194640378,True
A33_42.wav,1687.020462214646,True
A11_28.wav,1495.3530420393881,True
A19_115.wav,1463.5470596757127,True
A22_193.wav,1780.728051604939,True
A23_120.wav,1061.2229204295168,True
A14_155.wav,1461.9577498851702,True
A33_96.wav,1825.1474106510152,True
A6_201.wav,1660.5164847219012,True
A2_12.wav,1759.0216205260715,True
A22_217.wav,1672.4854905185516,True
A23_212.wav,1184.0601403537976,True
A2_236.wav,1279.0058841069153,True
A22_145.wav,1671.8935033955331,True
A2_48.wav,1509.6779734939191,True
A11_48.wav,1848.0081287579355,True
A32_237.wav,2222.918777527798,True
A22_211.wav,1732.3848050038196,True
A36_99.wav,2019.8045808481959,True
A19_147.wav,1467.0906493335995,True
A36_129.wav,2189.5070508711583,True
A2_186.wav,1318.8757682958958,True
A36_4.wav,2332.6637170528497,True
A22_155.wav,1658.0193975623827,True
A2_5.wav,1513.815284369795,True
A34_16.wav,1909.3134498449488,True
A36_151.wav,2512.5869684124464,True
A11_229.wav,1981.4028285443187,True
A22_66.wav,1202.8647179342327,True
A23_170.wav,1016.3493311611179,True
A32_204.wav,2430.4092861648423,True
A19_194.wav,1738.2619719051204,True
A23_40.wav,1024.3393293438082,True
A2_44.wav,1371.4291667467999,True
A2_31.wav,1421.8533165875474,True
A34_159.wav,1902.3239143376456,True
A11_220.wav,1923.5273412851648,True
A2_39.wav,1373.9439871044644,True
A13_241.wav,1467.4576195117818,True
A19_189.wav,1457.2880977687055,True
A4_66.wav,1685.1634745540546,True
A36_139.wav,2120.031513347725,True
A34_240.wav,1637.5977224354542,True
A2_62.wav,1404.0615840611008,True
A22_91.wav,1087.0095317338257,True
A33_72.wav,2014.1786190392088,True
A32_110.wav,2068.296832477845,True
A19_192.wav,1669.178452787499,True
A14_63.wav,1403.3158485118984,True
A2_180.wav,1324.9406766431816,True
A12_47.wav,1358.8288337929698,True
A13_53.wav,1521.6633352160995,True
A13_141.wav,1655.1086833553013,True
A23_100.wav,1113.5944421706088,True
A12_145.wav,1557.9323524088506,True
A12_11.wav,1439.6116133113287,True
A11_210.wav,1998.4946563576482,True
A19_44.wav,1695.5897665692346,True
A13_135.wav,1603.4462395765104,True
A34_35.wav,2071.925920697418,True
A6_115.wav,1843.9925538231018,True
A14_159.wav,1496.7331913515075,True
A23_13.wav,1031.2219972773296,True
A19_172.wav,1521.8870257127635,True
A2_10.wav,1618.6874700574426,True
A11_183.wav,1804.3250145660504,True
A22_200.wav,1591.2334424652688,True
A19_187.wav,1607.2669821109669,True
A22_172.wav,1743.2745574728615,True
A14_55.wav,1260.8863724810226,True
A34_146.wav,1855.4276027608032,True
A36_75.wav,2248.2470447299943,True
A19_245.wav,1557.394709560575,True
A32_8.wav,2267.882468462377,True
A19_184.wav,1581.9101085173431,True
A2_11.wav,1840.435489278361,True
A32_103.wav,2037.4138742617806,True
A6_110.wav,1559.9010860388723,True
A6_111.wav,1560.873064930963,True
A23_111.wav,1046.6165015076597,True
A6_34.wav,1863.7580564333714,True
A12_4.wav,1446.6927049089038,True
A19_131.wav,1835.033516131253,True
A19_151.wav,1766.1720150694518,True
A4_221.wav,1823.7243347444019,True
A13_171.wav,1559.6917441682447,True
A19_166.wav,1568.037698487892,True
A6_49.wav,1542.473944874615,True
A32_127.wav,2388.9894740102654,True
A13_120.wav,1690.31857659592,True
A2_132.wav,1153.9810709490018,True
A33_10.wav,1541.093881883247,True
A11_233.wav,1633.756310010485,True
A19_88.wav,1635.5718764669118,True
A32_118.wav,2212.0703276685367,True
A4_159.wav,1683.2802315448241,True
A4_223.wav,2050.134556879901,True
A13_32.wav,1510.3530658836912,True
A2_168.wav,1284.498455362623,True
A23_27.wav,1028.709861618299,True
A14_176.wav,1513.096913730179,True
A6_86.wav,1508.1684591098644,True
A33_45.wav,1764.616880545342,True
A34_216.wav,1597.9775796683775,True
A36_18.wav,2108.4353399818865,True
A7_189.wav,1288.6471917222566,True
A11_178.wav,1791.1051164903645,True
A19_2.wav,1801.6704899458177,True
A13_224.wav,1591.4974300836943,True
A14_17.wav,1312.587274147162,True
A11_62.wav,1698.6166602688138,True
A36_206.wav,1853.8050348610025,True
A22_221.wav,1696.2395105819992,True
A23_29.wav,1126.3266520399086,True
A22_149.wav,1628.4661011164237,True
A32_59.wav,2115.8972767747446,True
A19_95.wav,1593.7596149629655,True
A19_113.wav,1751.178461790319,True
A6_198.wav,1511.713156697125,True
A11_82.wav,1789.900792561719,True
A33_31.wav,1798.2595820397353,True
A32_44.wav,1924.60962408088,True
A6_97.wav,1740.4624409337673,True
A22_175.wav,1599.5805916598474,True
A23_150.wav,944.610950310173,True
A36_217.wav,2005.6546859581256,True
A7_14.wav,1532.8326051847791,True
A23_19.wav,1130.2258107167333,True
A2_178.wav,1317.423936716417,True
A6_176.wav,1555.488446810484,True
A19_226.wav,1640.006812048494,True
A14_131.wav,1775.086208203134,True
A2_86.wav,1437.3041506154934,True
A19_78.wav,1627.783626375864,True
A23_144.wav,1032.9361240389364,True
A2_40.wav,1510.338427787906,True
A2_6.wav,1736.9171420924233,True
A6_131.wav,2089.42093959697,True
A4_34.wav,2006.1841199937876,True
A12_146.wav,1639.648398620157,True
A19_155.wav,1534.3960926348452,True
A7_160.wav,1512.3566836022117,True
A4_130.wav,1842.6320096194597,True
A36_135.wav,2124.9396893250255,True
A13_4.wav,1641.1155802867802,True
A6_242.wav,1710.426301464332,True
A2_21.wav,1348.5132288077352,True
A7_102.wav,1896.2711803300022,True
A19_14.wav,1812.9091277017308,True
A32_174.wav,2358.4048652717506,True
A23_101.wav,1170.2297487360702,True
A32_132.wav,2113.962272574633,True
A23_126.wav,1052.085108869944,True
A6_15.wav,1992.1246318854965,True
A14_124.wav,1383.935185633991,True
A23_17.wav,957.3155731448163,True
A4_244.wav,1531.564104171187,True
A11_79.wav,1669.7274578213462,True
A19_195.wav,1626.5167023995805,True
A11_199.wav,1725.8549395047937,True
A33_14.wav,2031.274043204355,True
A36_23.wav,1993.7852032777173,True
A13_22.wav,1654.400638517723,True
A34_135.wav,1700.2766125097662,True
A14_37.wav,1404.613498581142,True
A19_74.wav,1655.336249649915,True
A7_143.wav,1270.8290151485812,True
A6_31.wav,1575.652930037187,True
A6_220.wav,1967.0058663184693,True
A19_24.wav,1600.251814892133,True
A13_161.wav,1462.261134118925,True
A22_160.wav,1624.1754277920916,True
A32_216.wav,2461.9746631432663,True
A22_237.wav,1704.5522332459489,True
A13_16.wav,1816.081865662007,True
A4_68.wav,1762.9836395507934,True
A23_47.wav,988.6842650460043,True
A12_109.wav,1433.8319785866545,True
A13_37.wav,1662.0597474284832,True
A6_134.wav,1681.9344893496514,True
A22_212.wav,1730.3862813657008,True
A32_232.wav,2062.971721981839,True
A34_43.wav,1910.5226809105686,True
A23_152.wav,1215.4115501366175,True
A36_13.wav,1981.8556355253077,True
A32_84.wav,2071.30938092354,True
A14_132.wav,1407.5243389971786,True
A36_191.wav,2336.634711878829,True
A11_29.wav,1656.363539501905,True
A4_73.wav,1771.3972375451347,True
A23_180.wav,1037.881198010323,True
A36_45.wav,2269.0826379164237,True
A4_105.wav,1559.3426113524729,True
A22_226.wav,1853.368125102749,True
A19_238.wav,1542.9997469362909,True
A23_240.wav,1184.3728018917466,True
A22_167.wav,1761.0614102365969,True
A22_187.wav,1791.0457359377815,True
A22_179.wav,1880.0014673744163,True
A11_53.wav,1549.3086037131895,True
A36_31.wav,2153.517042254949,True
A12_19.wav,1483.946172939769,True
A36_138.wav,2233.807557370554,True
A33_62.wav,1651.7628041769667,True
A19_16.wav,1819.6935281129688,True
A36_159.wav,2157.930156617557,True
A7_163.wav,1449.7829736270612,True
A19_242.wav,1476.1780952327717,True
A32_73.wav,2249.2242107678826,True
A19_160.wav,1431.9688864396041,True
A14_86.wav,1412.062249097494,True
A2_244.wav,1224.655759367104,True
A23_190.wav,1011.3637714521836,True
A11_136.wav,1746.4404701638402,True
A4_14.wav,2010.7188331047132,True
A2_137.wav,1297.3906050721703,True
A32_36.wav,1902.7776548461886,True
A4_209.wav,1828.5921118721844,True
A34_153.wav,1832.1359643219196,True
A23_184.wav,1187.1324140220809,True
A4_1.wav,1865.1988538908822,True
A34_58.wav,2133.1662138254396,True
A11_57.wav,1781.1933502164259,True
A14_93.wav,1407.6091088604066,True
A13_227.wav,1436.5484551777122,True
A32_112.wav,1963.7520936605508,True
A34_66.wav,1994.4565399792382,True
A32_7.wav,2026.7291004477318,True
A32_41.wav,2338.6163848622905,True
A13_8.wav,1640.2572082502238,True
A6_228.wav,1886.8361652688461,True
A4_77.wav,1796.8770880058219,True
A32_145.wav,2425.7855317372873,True
A2_222.wav,1174.8006640892513,True
A34_218.wav,1644.6029137178198,True
A13_174.wav,1657.8011636101319,True
A19_66.wav,1665.731026384152,True
A12_74.wav,1387.4086536698665,True
A13_211.wav,1585.9041931740776,True
A6_226.wav,2025.298493104007,True
A2_113.wav,1621.8597633115614,True
A2_67.wav,1478.9174134029968,True
A12_123.wav,1511.5165842636063,True
A11_7.wav,1386.8058074927142,True
A13_236.wav,1548.4736822751463,True
A13_132.wav,1495.8834467953627,True
A6_81.wav,1687.8829814830353,True
A36_92.wav,2451.615061784461,True
A32_138.wav,2261.7118616187595,True
A34_183.wav,2054.5535953841577,True
A6_153.wav,1694.2099390540675,True
A2_141.wav,1377.5729795172836,True
A13_96.wav,1739.6730508617059,True
A12_25.wav,1316.5225927480003,True
A22_9.wav,1151.6825780504632,True
A33_83.wav,1908.2765084514403,True
A22_163.wav,1749.3388677292082,True
A13_215.wav,1368.9599627685357,True
A36_56.wav,2177.463472605984,True
A22_249.wav,1781.8141138865005,True
A11_64.wav,1791.5822573394455,True
A36_85.wav,2254.8815107002497,True
A32_99.wav,2007.3060548332046,True
A2_105.wav,1405.4479098796705,True
A23_119.wav,1122.181823596356,True
A6_67.wav,1826.9411445863298,True
A6_28.wav,1498.7267490399843,True
A2_192.wav,1348.2423517634072,True
A23_0.wav,1086.7057714121368,True
A12_20.wav,1436.846670033446,True
A2_181.wav,1287.9851428452444,True
A13_5.wav,1654.3438926529639,True
A13_186.wav,1499.2756825748002,True
A14_40.wav,1417.2779256846525,True
A19_12.wav,1535.7108527180033,True
A36_174.wav,2189.272557184976,True
A33_84.wav,1927.0320852895143,True
A34_18.wav,1817.5251544601726,True
A6_203.wav,1452.8965434534366,True
A32_200.wav,2143.504638168982,True
A23_72.wav,1083.3039281327153,True
A14_243.wav,1498.0270142301013,True
A13_157.wav,1543.5013580964057,True
A32_224.wav,2500.564173751219,True
A14_178.wav,1543.0669625075907,True
A6_116.wav,1843.0716409117942,True
A14_109.wav,1353.3646985511318,True
A33_13.wav,1761.9674398487034,True
A14_113.wav,1601.7041155427055,True
A14_77.wav,1476.6503998942615,True
A14_145.wav,1496.118305393533,True
A19_128.wav,1480.9903071721922,True
A34_133.wav,1697.3314764951642,True
A23_55.wav,1004.6670176043597,True
A4_42.wav,1307.20017062866,True
A32_91.wav,2009.4997832252259,True
A36_109.wav,1998.248898752484,True
A6_138.wav,1762.448175404951,True
A22_100.wav,1196.4717715321585,True
A23_213.wav,1297.0691437776743,True
A23_191.wav,1182.0399346453216,True
A36_1.wav,2203.343706562407,True
A2_43.wav,1526.4681586373263,True
A12_61.wav,1231.1739051584866,True
A6_186.wav,1913.7233478338417,True
A34_242.wav,1752.4465228559684,True
A11_84.wav,1746.7017193253926,True
A23_204.wav,1099.4580397180318,True
A11_76.wav,1741.1861815816749,True
A36_115.wav,2026.3423988641553,True
A4_230.wav,1901.2812008628262,True
A2_157.wav,1392.5241601136502,True
A22_161.wav,1511.3544457051114,True
A11_22.wav,1615.1515655704793,True
A23_90.wav,1058.5111773141518,True
A36_114.wav,2147.8298121875205,True
A22_230.wav,1959.6741186437002,True
A33_56.wav,1662.3827810303358,True
A23_38.wav,1022.8151097376647,True
A36_141.wav,2145.355545093919,True
A6_123.wav,1506.716425734614,True
A32_100.wav,2224.015730187301,True
A5_0.wav,1755.9389700855027,True
A19_79.wav,1679.655059002796,True
A33_85.wav,1941.4893376595721,True
A34_163.wav,2018.8931445126364,True
A14_202.wav,1642.3859501144525,True
A23_164.wav,1015.7557205402469,True
A33_23.wav,1920.2734918135432,True
A19_80.wav,1598.2374253520697,True
A11_58.wav,1774.1548208636723,True
A23_196.wav,1077.8492874595813,True
A22_202.wav,1756.0802523560226,True
A12_57.wav,1348.1120505777692,True
A4_63.wav,1606.1665447786024,True
A34_57.wav,2076.5868573204416,True
A11_17.wav,1542.30333471222,True
A14_150.wav,1335.8946496022525,True
A13_200.wav,1360.1290002094463,True
A23_36.wav,945.8339273736163,True
A23_218.wav,1117.62355257367,True
A4_132.wav,1667.0549090137547,True
A4_16.wav,2088.418519317391,True
A2_16.wav,1738.4496446552591,True
A22_234.wav,1667.6700601229695,True
A23_202.wav,1111.0861442521173,True
A2_53.wav,1377.6149473124615,True
A32_1.wav,1995.9462050359236,True
A12_35.wav,1362.334889195638,True
A2_107.wav,1491.3635545786587,True
A23_45.wav,1019.6894643563526,True
A34_246.wav,1677.8729406557152,True
A23_229.wav,1221.52747318217,True
A2_215.wav,1200.1591264815688,True
A32_24.wav,1925.2461603502545,True
A6_53.wav,1574.754697156448,True
A34_71.wav,1905.8344006866619,True
A6_124.wav,1857.356517982659,True
A23_140.wav,1195.975953694654,True
A11_50.wav,1754.5885834743256,True
A33_49.wav,1771.961802342359,True
A14_171.wav,1467.9348099257097,True
A2_23.wav,1344.202734817175,True
A4_51.wav,1360.3852393891834,True
A6_211.wav,1883.480163920449,True
A6_143.wav,1432.821329680634,True
A23_92.wav,1248.2744935191308,True
A23_198.wav,1084.9979355111077,True
A32_76.wav,2033.6536358252324,True
A4_214.wav,1682.9857019346582,True
A14_49.wav,1197.0233404381336,True
A13_213.wav,1584.0327812419575,True
A19_30.wav,1692.0374565308532,True
A13_148.wav,1648.5195922470264,True
A34_179.wav,2195.0934369613765,True
A11_214.wav,1851.3244466660433,True
A19_25.wav,1768.2502069329646,True
A14_79.wav,1380.7270661183834,True
A2_80.wav,1224.753132653042,True
A36_178.wav,2071.7389953717034,True
A34_134.wav,1701.5346491844375,True
A6_23.wav,1411.9065880456146,True
A22_120.wav,1352.9422877087432,True
A22_151.wav,1885.904870127243,True
A7_133.wav,1469.293616055197,True
A36_25.wav,2374.2851278529,True
A32_235.wav,2230.760269411981,True
A11_6.wav,1504.484869195521,True
A14_88.wav,1314.5232824438574,True
A4_170.wav,1646.1027441938486,True
A4_131.wav,2050.6169081260646,True
A32_140.wav,2318.0082170307783,True
A23_108.wav,1186.073605270101,True
A23_233.wav,1127.8426179655285,True
A34_67.wav,1958.709998737207,True
A13_12.wav,1410.8635753057697,True
A13_137.wav,1464.9716665960173,True
A32_105.wav,2024.8745604944259,True
A6_129.wav,1728.8334280223035,True
A32_173.wav,1823.2106766779655,True
A7_156.wav,1428.6826435996732,True
A19_61.wav,1609.8996444189543,True
A14_83.wav,1412.4721680546568,True
A11_242.wav,1917.3352987281735,True
A13_133.wav,1665.2518957459883,True
A23_197.wav,1060.4898847830577,True
A33_43.wav,1912.8295695140878,True
A12_67.wav,1392.7993395419787,True
A11_122.wav,1716.7956783817006,True
A12_76.wav,1389.3332778722704,True
A22_90.wav,1166.5428404761217,True
A19_186.wav,1532.1139155750034,True
A34_229.wav,1772.731535855249,True
A22_213.wav,1823.7658629309506,True
A12_42.wav,1257.609858006179,True
A14_221.wav,1601.2130236826026,True
A34_62.wav,1897.4320891236684,True
A14_224.wav,1753.0315714036667,True
A4_86.wav,1762.5677097602409,True
A2_83.wav,1513.4702730532497,True
A23_62.wav,938.5205076903617,True
A2_56.wav,1388.7464134421468,True
A23_6.wav,1084.6801949686362,True
A23_185.wav,1119.7839827122104,True
A14_8.wav,1485.1759478554138,True
A32_236.wav,2398.370972792415,True
A13_67.wav,1569.6805522475845,True
A13_178.wav,1692.8453677727355,True
A33_98.wav,1864.2884602364168,True
A19_56.wav,1655.7092776125385,True
A36_142.wav,1860.8075429957632,True
A6_190.wav,1737.2727565671153,True
A7_146.wav,1542.8943371309472,True
A22_207.wav,1620.8232735908412,True
A34_1.wav,2015.6267313936637,True
A19_144.wav,1691.9277970251092,True
A19_35.wav,1822.474880390276,True
A32_14.wav,2322.0183922453625,True
A14_19.wav,1600.8123803972626,True
A22_105.wav,1068.7521585485645,True
A19_54.wav,1556.6165321725452,True
A13_167.wav,1680.4179060212011,True
A23_228.wav,1200.5019478739719,True
A34_238.wav,1749.8716638981357,True
A19_236.wav,1600.7618014187265,True
A13_25.wav,1727.0819459112774,True
A36_54.wav,2107.473942278974,True
A32_90.wav,2124.536035524621,True
A36_27.wav,2092.882948960486,True
A14_205.wav,1520.9795088648605,True
A11_94.wav,1802.057021038784,True
A36_181.wav,2021.2317781861007,True
A36_74.wav,2204.4221000216685,True
A19_249.wav,1640.9727209886191,True
A13_58.wav,1694.37074928211,True
A4_101.wav,1907.126995134337,True
A13_232.wav,1378.9860866928782,True
A14_177.wav,1477.268349553392,True
A14_39.wav,1275.40766082829,True
A14_213.wav,1681.5174925689314,True
A7_176.wav,1285.7292420671788,True
A2_3.wav,1547.9324154432502,True
A36_132.wav,2112.2540391032585,True
A14_241.wav,1652.7073724077377,True
A4_157.wav,1508.937201318862,True
A22_62.wav,1221.1143254819594,True
A22_19.wav,1413.2213892306013,True
A7_103.wav,1759.5737666681105,True
A11_164.wav,1755.8721493883252,True
A13_206.wav,1393.081057552533,True
fake_zh_speaker_1_ID_65.wav,1493.9825319766085,False
fake_zh_speaker_1_ID_100.wav,1724.262798097101,False
fake_zh_speaker_1_ID_67.wav,1429.9917035049216,False
fake_zh_speaker_3_ID_137.wav,1989.069720426485,False
fake_zh_speaker_9_ID_192.wav,1164.7189443549355,False
fake_zh_speaker_1_ID_69.wav,1576.7411849207383,False
fake_zh_speaker_2_ID_120.wav,1861.451597243661,False
fake_zh_speaker_0_ID_30.wav,1698.7293154996846,False
fake_zh_speaker_0_ID_41.wav,1244.4213109861557,False
fake_zh_speaker_1_ID_98.wav,1400.3019765941601,False
fake_zh_speaker_9_ID_181.wav,1259.817620969743,False
fake_zh_speaker_9_ID_167.wav,1825.2088967985235,False
fake_zh_speaker_2_ID_104.wav,1910.3525814552895,False
fake_zh_speaker_1_ID_74.wav,1959.0970401957525,False
fake_zh_speaker_0_ID_40.wav,1635.9080581820258,False
fake_zh_speaker_2_ID_107.wav,1651.6436664699636,False
fake_zh_speaker_3_ID_128.wav,1279.4075173383167,False
fake_zh_speaker_9_ID_177.wav,1473.9623244850868,False
fake_zh_speaker_1_ID_82.wav,1941.618893882362,False
fake_zh_speaker_2_ID_113.wav,1856.5906554617752,False
fake_zh_speaker_0_ID_32.wav,1555.6496062663093,False
fake_zh_speaker_0_ID_14.wav,1980.581769790295,False
fake_zh_speaker_0_ID_50.wav,1923.5830595052162,False
fake_zh_speaker_9_ID_190.wav,1134.2483994081538,False
fake_zh_speaker_9_ID_171.wav,1505.6456159483384,False
fake_zh_speaker_9_ID_197.wav,1480.2718865111262,False
fake_zh_speaker_1_ID_93.wav,1732.9683719040752,False
fake_zh_speaker_2_ID_112.wav,1914.4994547460308,False
fake_zh_speaker_4_ID_150.wav,1961.6648988707032,False
fake_zh_speaker_0_ID_27.wav,1882.2547729118298,False
fake_zh_speaker_0_ID_34.wav,1813.6932904417092,False
fake_zh_speaker_0_ID_18.wav,2178.254596092088,False
fake_zh_speaker_0_ID_60.wav,2060.6290952007084,False
fake_zh_speaker_4_ID_149.wav,1693.3876517420629,False
fake_zh_speaker_1_ID_94.wav,2060.6897618287144,False
fake_zh_speaker_3_ID_139.wav,1563.0397163417658,False
fake_zh_speaker_0_ID_15.wav,1867.2775910986907,False
fake_zh_speaker_9_ID_169.wav,1185.670332943185,False
fake_zh_speaker_1_ID_77.wav,1625.9994547636359,False
fake_zh_speaker_9_ID_175.wav,1396.151521392203,False
fake_zh_speaker_3_ID_135.wav,1300.683976983195,False
fake_zh_speaker_0_ID_39.wav,1524.1626030656032,False
fake_zh_speaker_0_ID_43.wav,2429.9330319523933,False
fake_zh_speaker_9_ID_195.wav,1392.1158338271948,False
fake_zh_speaker_9_ID_162.wav,1729.1922940368377,False
fake_zh_speaker_4_ID_157.wav,2070.573488154845,False
fake_zh_speaker_4_ID_146.wav,2105.4979511136953,False
fake_zh_speaker_0_ID_44.wav,1735.6478075283158,False
fake_zh_speaker_0_ID_59.wav,1903.2723931545713,False
fake_zh_speaker_9_ID_188.wav,1812.5674493514334,False
fake_zh_speaker_0_ID_16.wav,2113.021661795448,False
fake_zh_speaker_4_ID_148.wav,1600.7377190590953,False
fake_zh_speaker_2_ID_102.wav,1659.1916548824342,False
fake_zh_speaker_0_ID_29.wav,2251.7810970067185,False
fake_zh_speaker_0_ID_8.wav,1889.446650568233,False
fake_zh_speaker_0_ID_38.wav,1423.4248928048835,False
fake_zh_speaker_3_ID_133.wav,1376.7399928909294,False
fake_zh_speaker_0_ID_54.wav,2081.157901830302,False
fake_zh_speaker_1_ID_79.wav,1450.6151848633936,False
fake_zh_speaker_1_ID_68.wav,1872.3762987140346,False
fake_zh_speaker_1_ID_87.wav,1465.0331852388135,False
fake_zh_speaker_0_ID_3.wav,1665.5988338270038,False
fake_zh_speaker_9_ID_179.wav,1409.0248679672038,False
fake_zh_speaker_1_ID_73.wav,1800.9299852229283,False
fake_zh_speaker_1_ID_86.wav,1848.4917663204499,False
fake_zh_speaker_0_ID_17.wav,2155.617104239991,False
fake_zh_speaker_9_ID_186.wav,1258.042688215521,False
fake_zh_speaker_1_ID_76.wav,2032.4801715232488,False
fake_zh_speaker_1_ID_72.wav,1717.4158851612415,False
fake_zh_speaker_0_ID_21.wav,1824.8688563723747,False
fake_zh_speaker_0_ID_31.wav,1821.2321717118382,False
fake_zh_speaker_3_ID_122.wav,1309.6044852497957,False
fake_zh_speaker_9_ID_191.wav,1455.7542855202869,False
fake_zh_speaker_4_ID_153.wav,1694.16125900801,False
fake_zh_speaker_4_ID_144.wav,1329.8332046669746,False
fake_zh_speaker_2_ID_103.wav,2017.1755234128882,False
fake_zh_speaker_3_ID_131.wav,1002.4245001251546,False
fake_zh_speaker_2_ID_109.wav,2023.8199903845418,False
fake_zh_speaker_2_ID_115.wav,1947.0907755258334,False
fake_zh_speaker_0_ID_6.wav,2006.6527835566374,False
fake_zh_speaker_1_ID_99.wav,1825.5895858413464,False
fake_zh_speaker_2_ID_110.wav,1811.973217240815,False
fake_zh_speaker_0_ID_46.wav,1763.6964150356075,False
fake_zh_speaker_1_ID_63.wav,1377.9904167516845,False
fake_zh_speaker_1_ID_80.wav,1771.0395422825857,False
fake_zh_speaker_0_ID_24.wav,2192.1670645813147,False
fake_zh_speaker_0_ID_25.wav,1028.125688065976,False
fake_zh_speaker_9_ID_170.wav,1230.459669399664,False
fake_zh_speaker_0_ID_1.wav,1837.384260055834,False
fake_zh_speaker_0_ID_2.wav,1910.5233044597935,False
fake_zh_speaker_0_ID_9.wav,1644.3244992690245,False
fake_zh_speaker_1_ID_101.wav,1676.3911708499752,False
fake_zh_speaker_2_ID_106.wav,1697.759271789794,False
fake_zh_speaker_3_ID_134.wav,1396.9079162047294,False
fake_zh_speaker_4_ID_145.wav,2170.418828092993,False
fake_zh_speaker_9_ID_173.wav,1688.9087439821822,False
fake_zh_speaker_2_ID_121.wav,1733.0045811332661,False
fake_zh_speaker_0_ID_47.wav,1705.3793034057196,False
fake_zh_speaker_0_ID_51.wav,1708.8013514896354,False
fake_zh_speaker_0_ID_11.wav,2227.3551906622724,False
fake_zh_speaker_0_ID_35.wav,1456.5061438920027,False
fake_zh_speaker_9_ID_198.wav,1640.3992087330437,False
fake_zh_speaker_4_ID_159.wav,1571.3500064394048,False
fake_zh_speaker_0_ID_0.wav,1830.8143389983845,False
fake_zh_speaker_2_ID_111.wav,2094.383669396569,False
fake_zh_speaker_1_ID_66.wav,1714.4876009959232,False
fake_zh_speaker_0_ID_22.wav,2048.697591981253,False
fake_zh_speaker_0_ID_56.wav,1582.1093620797478,False
fake_zh_speaker_0_ID_58.wav,1750.211038226271,False
fake_zh_speaker_0_ID_53.wav,2035.1582864687398,False
fake_zh_speaker_4_ID_142.wav,1873.3211517442546,False
fake_zh_speaker_9_ID_189.wav,1596.968955870998,False
fake_zh_speaker_1_ID_81.wav,1827.582042996026,False
fake_zh_speaker_0_ID_48.wav,2116.2796212341746,False
fake_zh_speaker_4_ID_156.wav,1925.937725762601,False
fake_zh_speaker_1_ID_91.wav,1362.9753272873706,False
fake_zh_speaker_3_ID_125.wav,1663.563571012817,False
fake_zh_speaker_9_ID_194.wav,1385.1516918279199,False
fake_zh_speaker_1_ID_83.wav,2077.0117967655815,False
fake_zh_speaker_0_ID_19.wav,1963.25380312595,False
fake_zh_speaker_9_ID_187.wav,1406.4040874229443,False
fake_zh_speaker_0_ID_23.wav,1563.7050551829102,False
fake_zh_speaker_1_ID_90.wav,1731.0161890631728,False
fake_zh_speaker_4_ID_151.wav,2086.4056765864807,False
fake_zh_speaker_9_ID_193.wav,1437.4530765431389,False
fake_zh_speaker_4_ID_161.wav,1910.0268505674567,False
fake_zh_speaker_0_ID_61.wav,1855.0266440247556,False
fake_zh_speaker_0_ID_13.wav,2195.8481163683505,False
fake_zh_speaker_0_ID_36.wav,2079.4950274095063,False
fake_zh_speaker_9_ID_164.wav,1824.9306628284176,False
fake_zh_speaker_9_ID_184.wav,1360.6542926040202,False
fake_zh_speaker_0_ID_52.wav,2141.211495622599,False
fake_zh_speaker_0_ID_33.wav,2016.982917676661,False
fake_zh_speaker_0_ID_5.wav,1743.3029945643632,False
fake_zh_speaker_3_ID_129.wav,1500.8427409805677,False
fake_zh_speaker_3_ID_124.wav,1589.743385090936,False
fake_zh_speaker_3_ID_132.wav,1210.9237761045397,False
fake_zh_speaker_1_ID_95.wav,1479.568951592765,False
fake_zh_speaker_9_ID_163.wav,1693.002115694809,False
fake_zh_speaker_1_ID_64.wav,1680.1803218603384,False
fake_zh_speaker_9_ID_176.wav,1336.8813950142094,False
fake_zh_speaker_4_ID_143.wav,1789.9154260276482,False
fake_zh_speaker_9_ID_165.wav,1701.4451913864368,False
fake_zh_speaker_2_ID_114.wav,1808.8080795872254,False
fake_zh_speaker_0_ID_37.wav,1715.1174404223436,False
fake_zh_speaker_9_ID_180.wav,1396.233938670794,False
fake_zh_speaker_1_ID_78.wav,1761.687958957741,False
fake_zh_speaker_3_ID_126.wav,1507.403314138251,False
fake_zh_speaker_4_ID_158.wav,2086.046969465298,False
fake_zh_speaker_0_ID_45.wav,2133.8625330137043,False
fake_zh_speaker_2_ID_117.wav,1885.4350271725684,False
fake_zh_speaker_1_ID_92.wav,1966.251606172789,False
fake_zh_speaker_9_ID_199.wav,1782.6556355323705,False
fake_zh_speaker_9_ID_183.wav,1229.5094093305806,False
fake_zh_speaker_1_ID_62.wav,1459.3848289833775,False
fake_zh_speaker_3_ID_141.wav,1324.066583545131,False
fake_zh_speaker_3_ID_140.wav,1358.4388406075955,False
fake_zh_speaker_9_ID_200.wav,1150.0862981463858,False
fake_zh_speaker_0_ID_12.wav,2153.791405524364,False
fake_zh_speaker_9_ID_174.wav,1294.0483760417403,False
fake_zh_speaker_9_ID_166.wav,1395.810675045885,False
fake_zh_speaker_3_ID_123.wav,1387.2926572756353,False
fake_zh_speaker_4_ID_154.wav,1952.0355592360731,False
fake_zh_speaker_4_ID_155.wav,1342.8472270050577,False
fake_zh_speaker_9_ID_178.wav,1506.1972120311068,False
fake_zh_speaker_3_ID_138.wav,1383.018570046264,False
fake_zh_speaker_3_ID_130.wav,1182.144808710954,False
fake_zh_speaker_0_ID_7.wav,2207.8439287291026,False
fake_zh_speaker_2_ID_105.wav,1882.1689049760262,False
fake_zh_speaker_0_ID_26.wav,2065.544908008862,False
fake_zh_speaker_9_ID_172.wav,1192.4935418138139,False
fake_zh_speaker_1_ID_85.wav,1948.9775005306205,False
fake_zh_speaker_2_ID_119.wav,1704.6516383797807,False
fake_zh_speaker_1_ID_89.wav,1844.8662923543789,False
fake_zh_speaker_0_ID_42.wav,2014.5036942347413,False
fake_zh_speaker_0_ID_4.wav,1760.5429091493484,False
fake_zh_speaker_9_ID_185.wav,1217.3961395052554,False
fake_zh_speaker_1_ID_97.wav,1867.8028309256536,False
fake_zh_speaker_9_ID_201.wav,1290.4893928079382,False
fake_zh_speaker_1_ID_88.wav,1496.7613989746885,False
fake_zh_speaker_2_ID_116.wav,1368.2467551378134,False
fake_zh_speaker_0_ID_49.wav,2178.2070077962007,False
fake_zh_speaker_1_ID_71.wav,1964.82801796982,False
fake_zh_speaker_9_ID_168.wav,1630.36760235036,False
fake_zh_speaker_1_ID_75.wav,1976.8215168588847,False
fake_zh_speaker_4_ID_147.wav,2147.0721526563793,False
fake_zh_speaker_3_ID_127.wav,1362.367960984493,False
fake_zh_speaker_9_ID_196.wav,1239.5410768158192,False
fake_zh_speaker_2_ID_118.wav,1598.841594868521,False
fake_zh_speaker_1_ID_70.wav,1595.8469021862882,False
fake_zh_speaker_1_ID_96.wav,1962.8021833879518,False
fake_zh_speaker_0_ID_55.wav,1643.9393084545782,False
fake_zh_speaker_0_ID_10.wav,1684.5239183518,False
fake_zh_speaker_3_ID_136.wav,1281.2492690360077,False
fake_zh_speaker_1_ID_84.wav,1870.5953324072755,False
fake_zh_speaker_4_ID_152.wav,1597.6189216618336,False
fake_zh_speaker_0_ID_20.wav,1881.8590399293435,False
fake_zh_speaker_2_ID_108.wav,1498.437639819595,False
fake_zh_speaker_4_ID_160.wav,1871.0771601478025,False
fake_zh_speaker_0_ID_28.wav,1246.6409237986493,False
fake_zh_speaker_9_ID_182.wav,1315.9745964356077,False
fake_zh_speaker_0_ID_57.wav,2031.2365219034416,False
output(93).wav,2282.6142113090987,False
output(60).wav,2172.582304971452,False
output(96).wav,2191.802726392728,False
output(24).wav,2779.064895431182,False
output(7).wav,2717.8462785027673,False
output(90).wav,2181.3948481828006,False
output(6).wav,2463.4927012461544,False
output(47).wav,2527.1394836579,False
output(64).wav,2186.8893206445123,False
output(32).wav,2501.4202180785555,False
output(9).wav,2478.7479236218446,False
output(13).wav,2694.135653721443,False
output(31).wav,2657.04343255577,False
output(3).wav,2613.1322946154287,False
output(67).wav,2201.576400691505,False
output(71).wav,2222.8740695968663,False
output(21).wav,2807.9138156695485,False
output(53).wav,2302.908874429287,False
output(30).wav,2750.7508037561156,False
output(33).wav,2757.8100582726383,False
output(38).wav,2525.5762468534012,False
output(61).wav,2250.75373555145,False
output(39).wav,2594.3636819643884,False
output(88).wav,2107.8534810402502,False
output(48).wav,2554.332423148289,False
output(85).wav,2268.1736319864217,False
output(75).wav,2376.735748329831,False
output(74).wav,2254.3953620428583,False
output(46).wav,2725.161257010445,False
output(95).wav,2133.5253260727272,False
output(89).wav,2239.9886653478684,False
output(99).wav,2209.878607844284,False
output(19).wav,2628.4769450036256,False
output(94).wav,2231.4478236697855,False
output(98).wav,2147.4374793634975,False
output(37).wav,2646.2794182088596,False
output(62).wav,2340.5938909597894,False
output(54).wav,2156.8207371043,False
output(69).wav,2125.1342920883567,False
output(58).wav,2209.8825903613406,False
output(25).wav,2518.7990277493773,False
output(40).wav,2604.2970207935814,False
output(86).wav,2126.6864559993114,False
output(97).wav,2212.337181529258,False
output(16).wav,2631.2385365757355,False
output(5).wav,2512.2056216168853,False
output(35).wav,2665.264567251849,False
output(63).wav,2241.0532891143152,False
output(12).wav,2686.327912437137,False
output(42).wav,2619.564393329744,False
output(34).wav,2586.4399628129227,False
output(66).wav,2518.8722202302406,False
output(73).wav,2272.5069107255913,False
output(55).wav,2151.229713573861,False
output(57).wav,2290.176892581232,False
output(36).wav,2571.035418951168,False
output(91).wav,2254.801300041324,False
output(82).wav,2309.414153537448,False
output(56).wav,2337.9200559754377,False
output(10).wav,2837.7434046599865,False
output(22).wav,2882.84897155149,False
output(76).wav,2179.723333859602,False
output(17).wav,2828.062814716659,False
output(80).wav,2408.5810624182704,False
output(11).wav,2793.726207341165,False
output(1).wav,2606.9365922526695,False
output(15).wav,2599.2404397637642,False
output(87).wav,2211.8816100575827,False
output(45).wav,2689.9247268597073,False
output(14).wav,2516.893681100948,False
output(78).wav,2236.2244318425487,False
output(79).wav,2356.178166387743,False
output(26).wav,2511.2533521334135,False
output(41).wav,2672.505813908406,False
output(52).wav,2242.0720063422477,False
output(49).wav,2527.8230340993277,False
output(50).wav,2630.2318723951525,False
output(29).wav,2696.684606806453,False
output(43).wav,2582.443764435134,False
output(70).wav,2263.2453093285512,False
output(68).wav,2284.720573831109,False
output(77).wav,2074.060318206492,False
output(28).wav,2446.7075539000016,False
output(59).wav,2176.76233534813,False
output(44).wav,2670.4894492478043,False
output(83).wav,2211.4998420814686,False
output(4).wav,2769.218474208047,False
output(84).wav,2166.4825842866326,False
output(23).wav,2654.0678498092498,False
output(81).wav,2264.560566492533,False
output(2).wav,2533.5918605298316,False
output(72).wav,2246.0537692168105,False
output(8).wav,2586.1065388248107,False
output(27).wav,2480.791674879884,False
output(92).wav,2284.28602993838,False
output(20).wav,2506.2862701979625,False
output(51).wav,2183.1690447599826,False
output(18).wav,2604.5616807591555,False
output(100).wav,2164.698244510403,False
output(65).wav,2167.554853898261,False
output(116).wav,2050.074227293068,False
output(191).wav,2183.5848268329437,False
output(183).wav,2238.473233660231,False
output(189).wav,2170.7857672541995,False
output(192).wav,2107.4344687445127,False
output(110).wav,2277.97452377213,False
output(112).wav,2156.4266396043286,False
output(186).wav,2110.8065483490586,False
output(104).wav,2253.1292678019095,False
output(169).wav,2273.4052904412797,False
output(153).wav,2241.217977897774,False
output(139).wav,2268.8344920460786,False
output(177).wav,2118.665324771067,False
output(200).wav,2040.680258313247,False
output(115).wav,2287.4460300237297,False
output(172).wav,2275.413195583359,False
output(145).wav,2141.9728783027344,False
output(181).wav,2152.2153891904272,False
output(182).wav,2152.051157192603,False
output(155).wav,2212.3666680789197,False
output(160).wav,2147.7423267874137,False
output(149).wav,2188.019851713107,False
output(150).wav,2240.8376277697885,False
output(196).wav,2153.7869059497016,False
output(138).wav,2231.744992616893,False
output(140).wav,2205.331934762859,False
output(131).wav,2185.6029565441345,False
output(156).wav,2092.529023648381,False
output(184).wav,2274.771527386308,False
output(120).wav,2104.9036576728486,False
output(148).wav,2186.605377530626,False
output(152).wav,2143.3685251132647,False
output(147).wav,2111.70321143709,False
output(133).wav,2192.686337306159,False
output(188).wav,2150.172645983956,False
output(187).wav,2264.983188186512,False
output(164).wav,2198.1614592100004,False
output(146).wav,2188.324094951512,False
output(176).wav,2175.573404195022,False
output(143).wav,2143.7322399354584,False
output(190).wav,2144.623515171334,False
output(161).wav,2179.2563623141104,False
output(125).wav,2198.26011119772,False
output(195).wav,2229.334079586996,False
output(166).wav,2130.664439054593,False
output(106).wav,2161.5566142744574,False
output(127).wav,2264.2931742611854,False
output(122).wav,2361.815489454467,False
output(142).wav,2258.1968921166012,False
output(121).wav,2189.867511522774,False
output(118).wav,2288.1301942635387,False
output(162).wav,2115.1482512380885,False
output(168).wav,2228.8662271941976,False
output(193).wav,2190.1786895871055,False
output(105).wav,2461.543429041979,False
output(199).wav,2257.5827719579615,False
output(157).wav,2262.9337295716546,False
output(171).wav,2102.3184685248984,False
output(107).wav,2214.2623852838606,False
output(173).wav,2140.843545145634,False
output(185).wav,2202.0426833231845,False
output(129).wav,2171.5254881042283,False
output(197).wav,2159.7187834753495,False
output(136).wav,2145.8350165246075,False
output(158).wav,2140.2334091949247,False
output(101).wav,2213.5158305427526,False
output(102).wav,2295.302474431311,False
output(130).wav,2154.9227561224166,False
output(151).wav,2142.6926290154775,False
output(128).wav,2144.5508821331673,False
output(179).wav,2193.67880277799,False
output(134).wav,2199.667701728527,False
output(159).wav,2171.71711723149,False
output(108).wav,2248.472346645661,False
output(167).wav,2152.003305750791,False
output(174).wav,2163.120015503937,False
output(163).wav,2190.518079653925,False
output(119).wav,2286.483315962645,False
output(123).wav,2342.3170151823374,False
output(141).wav,2095.3494427893584,False
output(180).wav,2240.0317808268987,False
output(135).wav,2217.7827171775284,False
output(144).wav,2169.0411628610177,False
output(198).wav,2223.857271613919,False
output(170).wav,2213.571895821497,False
output(165).wav,2220.1526687433216,False
output(109).wav,2113.021285208972,False
output(154).wav,2274.211127197962,False
output(117).wav,2066.23239490905,False
output(137).wav,2148.096663535171,False
output(126).wav,2103.065294001324,False
output(178).wav,2195.6183209218343,False
output(124).wav,2168.7352395651938,False
output(132).wav,2124.5578702526022,False
output(113).wav,2172.121047984736,False
output(194).wav,2187.9650923319127,False
output(114).wav,2256.3223293291553,False
output(103).wav,2256.74616212796,False
output(175).wav,2131.0566346676856,False
output(111).wav,2370.606580854847,False
output(211).wav,2726.0389119922643,False
output(217).wav,2797.9388982228215,False
output(263).wav,2772.3628963767624,False
output(270).wav,2553.023008098861,False
output(299).wav,2737.304830376015,False
output(285).wav,2603.634521287117,False
output(213).wav,2680.443684593615,False
output(223).wav,2794.4544554138456,False
output(282).wav,2742.2875436206036,False
output(224).wav,2787.675362432381,False
output(255).wav,2741.450535785206,False
output(248).wav,2762.501136684175,False
output(238).wav,2862.4634514993413,False
output(227).wav,2739.5157328788714,False
output(260).wav,2726.699022704052,False
output(268).wav,2869.0459331623724,False
output(256).wav,2671.6033819355507,False
output(228).wav,2679.1469693769786,False
output(265).wav,2723.7152060586086,False
output(231).wav,2716.518921494309,False
output(297).wav,2808.098579549985,False
output(259).wav,2802.919402383464,False
output(272).wav,2782.1529723680924,False
output(244).wav,2681.4937583086685,False
output(202).wav,2640.238606633207,False
output(293).wav,2830.0637268773553,False
output(214).wav,2564.5335204687167,False
output(235).wav,2703.410130318742,False
output(212).wav,2667.9123232433853,False
output(241).wav,2773.9080093144066,False
output(292).wav,2756.883569599976,False
output(258).wav,2880.471321788755,False
output(281).wav,2654.7262802798027,False
output(276).wav,2844.289971487354,False
output(291).wav,2769.846202281316,False
output(242).wav,2745.306651007967,False
output(267).wav,2693.842741352123,False
output(288).wav,2592.7555814822945,False
output(273).wav,2678.389567202864,False
output(208).wav,2700.58752315778,False
output(230).wav,2657.483391117386,False
output(254).wav,2676.927612539965,False
output(252).wav,2696.581458886259,False
output(219).wav,2594.5464798898447,False
output(210).wav,2719.9286872340704,False
output(229).wav,2789.005748563627,False
output(239).wav,2802.595664039349,False
output(271).wav,2703.0539658448183,False
output(287).wav,2682.60972535987,False
output(250).wav,2702.08568553018,False
output(215).wav,2640.798084202901,False
output(296).wav,2634.0643143240204,False
output(225).wav,2676.349536360068,False
output(278).wav,2664.1748173881356,False
output(222).wav,2818.3596543753556,False
output(203).wav,2722.2135081341257,False
output(245).wav,2644.3629762612936,False
output(253).wav,2628.5219348396454,False
output(275).wav,2659.2202896025137,False
output(221).wav,2626.179245501786,False
output(261).wav,2675.4987074403657,False
output(262).wav,2937.352686649238,False
output(279).wav,2849.373989552173,False
output(218).wav,2741.8887519721543,False
output(290).wav,2549.958638025999,False
output(264).wav,2861.1366861761408,False
output(249).wav,2596.1879268401613,False
output(251).wav,2840.1151962600547,False
output(289).wav,2692.4172685815115,False
output(298).wav,2940.680560752172,False
output(240).wav,2641.947330434015,False
output(234).wav,2784.831518023954,False
output(274).wav,2728.8951492606316,False
output(237).wav,2708.8647867241093,False
output(233).wav,2642.847234217602,False
output(283).wav,2775.032502238873,False
output(220).wav,2930.7739287650957,False
output(277).wav,2624.3168808568157,False
output(284).wav,2718.270907410147,False
output(204).wav,2624.2192285107994,False
output(205).wav,2656.258468286872,False
output(280).wav,2842.376210452863,False
output(226).wav,2671.9609689229223,False
output(209).wav,2677.6034244933526,False
output(247).wav,2655.3492285810394,False
output(295).wav,2679.319742212674,False
output(286).wav,2568.7980670024026,False
output(243).wav,2592.3098312734282,False
output(201).wav,2608.5430421376755,False
output(257).wav,2710.971479872654,False
output(266).wav,2791.5288837221688,False
output(232).wav,2734.9021084289225,False
output(236).wav,2675.6475089207424,False
output(300).wav,2797.3047409561955,False
output(207).wav,2715.643985926696,False
output(269).wav,2633.507751204233,False
output(206).wav,2667.5649870819966,False
output(246).wav,2679.479975849781,False
output(294).wav,2606.575591716021,False
output(216).wav,2627.320465665068,False
ElevenLabs_2024-04-01T11_20_40_Adam_pre_s50_sb75_se0_b_m2.mp3,2433.798904193959,False
ElevenLabs_2024-04-01T11_19_29_Adam_pre_s50_sb75_se0_b_m2.mp3,2622.364851811928,False
ElevenLabs_2024-04-01T11_16_00_Adam_pre_s50_sb75_se0_b_m2.mp3,2421.017793419489,False
ElevenLabs_2024-04-01T11_16_58_Adam_pre_s50_sb75_se0_b_m2.mp3,1998.8420407999486,False
ElevenLabs_2024-04-01T11_20_12_Adam_pre_s50_sb75_se0_b_m2.mp3,2234.155117754942,False
ElevenLabs_2024-04-01T11_15_35_Adam_pre_s50_sb75_se0_b_m2.mp3,1995.9628890649296,False
ElevenLabs_2024-04-01T11_15_51_Adam_pre_s50_sb75_se0_b_m2.mp3,2380.498374669908,False
ElevenLabs_2024-04-01T11_16_09_Adam_pre_s50_sb75_se0_b_m2.mp3,2345.0227440440594,False
ElevenLabs_2024-04-01T11_22_42_Adam_pre_s50_sb75_se0_b_m2.mp3,2208.583178064923,False
ElevenLabs_2024-04-01T11_21_13_Adam_pre_s50_sb75_se0_b_m2.mp3,1902.5007374337536,False
ElevenLabs_2024-04-01T11_31_00_Alice_pre_s50_sb75_t2.mp3,2340.7662360993886,False
ElevenLabs_2024-04-01T11_25_34_Alice_pre_s50_sb75_t2.mp3,2738.393015960231,False
ElevenLabs_2024-04-01T11_30_12_Alice_pre_s50_sb75_t2.mp3,2279.4577617739747,False
ElevenLabs_2024-04-01T11_27_34_Alice_pre_s50_sb75_t2.mp3,2325.635143334805,False
ElevenLabs_2024-04-01T11_31_51_Alice_pre_s50_sb75_t2.mp3,2398.8269252934183,False
ElevenLabs_2024-04-01T11_33_31_Antoni_pre_s50_sb75_se0_b_m2.mp3,2788.907221899676,False
ElevenLabs_2024-04-01T11_35_12_Antoni_pre_s50_sb75_se0_b_m2.mp3,1834.3375559623857,False
ElevenLabs_2024-04-01T11_36_55_Antoni_pre_s50_sb75_se0_b_m2.mp3,1982.8044871998222,False
ElevenLabs_2024-04-01T11_34_20_Antoni_pre_s50_sb75_se0_b_m2.mp3,2319.5547614254874,False
ElevenLabs_2024-04-01T11_37_01_Antoni_pre_s50_sb75_se0_b_m2.mp3,2380.223472947773,False
ElevenLabs_2024-04-01T11_38_18_Antoni_pre_s50_sb75_se0_b_m2.mp3,2069.3831013772083,False
ElevenLabs_2024-04-01T11_35_52_Antoni_pre_s50_sb75_se0_b_m2.mp3,2082.7529990164016,False
ElevenLabs_2024-04-01T11_33_43_Antoni_pre_s50_sb75_se0_b_m2.mp3,2177.3919137442595,False
ElevenLabs_2024-04-01T11_37_09_Antoni_pre_s50_sb75_se0_b_m2.mp3,2260.7952235065163,False
ElevenLabs_2024-04-01T11_37_16_Antoni_pre_s50_sb75_se0_b_m2.mp3,2397.5589616406646,False
ElevenLabs_2024-04-01T11_34_41_Antoni_pre_s50_sb75_se0_b_m2.mp3,2158.762412122326,False
ElevenLabs_2024-04-01T11_36_15_Antoni_pre_s50_sb75_se0_b_m2.mp3,2028.253973845733,False
ElevenLabs_2024-04-01T11_37_22_Antoni_pre_s50_sb75_se0_b_m2.mp3,2338.1063549227024,False
ElevenLabs_2024-04-01T11_34_49_Antoni_pre_s50_sb75_se0_b_m2.mp3,2176.237632021531,False
ElevenLabs_2024-04-01T11_38_44_Antoni_pre_s50_sb75_se0_b_m2.mp3,2069.2630988962856,False
ElevenLabs_2024-03-31T18_50_43_Brian_pre_s50_sb75_t2.mp3,2278.458360115425,False
ElevenLabs_2024-03-31T18_50_51_Brian_pre_s50_sb75_t2.mp3,2347.2097758835794,False
ElevenLabs_2024-03-31T18_50_15_Brian_pre_s50_sb75_t2.mp3,2549.459997419878,False
ElevenLabs_2024-03-31T18_49_46_Brian_pre_s50_sb75_t2.mp3,2311.468847915605,False
ElevenLabs_2024-03-31T18_50_08_Brian_pre_s50_sb75_t2.mp3,2188.0169579952412,False
ElevenLabs_2024-03-31T18_50_23_Brian_pre_s50_sb75_t2.mp3,2307.0685204586184,False
ElevenLabs_2024-03-31T18_50_32_Brian_pre_s50_sb75_t2.mp3,2256.099961193347,False
ElevenLabs_2024-03-31T18_51_10_Brian_pre_s50_sb75_t2.mp3,2246.713985062218,False
ElevenLabs_2024-03-31T18_50_59_Brian_pre_s50_sb75_t2.mp3,2485.0401475381254,False
ElevenLabs_2024-03-31T18_51_34_Brian_pre_s50_sb75_t2.mp3,2581.4667196325454,False
ElevenLabs_2024-03-31T19_05_52_Clyde_pre_s50_sb75_m1.mp3,2554.4331681262097,False
ElevenLabs_2024-03-31T19_04_46_Clyde_pre_s50_sb75_m1.mp3,2430.2593437788146,False
ElevenLabs_2024-03-31T19_04_38_Clyde_pre_s50_sb75_m1.mp3,2632.836391342327,False
ElevenLabs_2024-03-31T19_04_23_Clyde_pre_s50_sb75_m1.mp3,2368.3728063100525,False
ElevenLabs_2024-03-31T19_06_06_Clyde_pre_s50_sb75.mp3,2402.668198449943,False
ElevenLabs_2024-03-31T19_08_32_Clyde_pre_s50_sb75_m1.mp3,2609.2373354645374,False
ElevenLabs_2024-03-31T19_04_55_Clyde_pre_s50_sb75_m1.mp3,2479.8341063623457,False
ElevenLabs_2024-03-31T19_05_04_Clyde_pre_s50_sb75_m1.mp3,2740.678296512507,False
ElevenLabs_2024-03-31T19_05_27_Clyde_pre_s50_sb75_m1.mp3,2378.569600278224,False
ElevenLabs_2024-03-31T19_04_16_Clyde_pre_s50_sb75_m1.mp3,2532.8442229157786,False
ElevenLabs_2024-03-31T19_04_30_Clyde_pre_s50_sb75_m1.mp3,2328.435992208371,False
ElevenLabs_2024-03-31T18_36_56_Dave_pre_s50_sb75_se0_b_m2.mp3,2325.47798486222,False
ElevenLabs_2024-03-31T18_37_21_Dave_pre_s50_sb75_se0_b_m2.mp3,2489.9604542105167,False
ElevenLabs_2024-03-31T18_37_58_Dave_pre_s50_sb75_se0_b_m2.mp3,2251.154238226924,False
ElevenLabs_2024-03-31T18_36_08_Dave_pre_s50_sb75_se0_b_m2.mp3,2759.669644451101,False
ElevenLabs_2024-03-31T18_36_27_Dave_pre_s50_sb75_se0_b_m2.mp3,2128.9221602341045,False
ElevenLabs_2024-03-31T18_38_10_Dave_pre_s50_sb75_se0_b_m2.mp3,2465.86519294972,False
ElevenLabs_2024-03-31T18_37_37_Dave_pre_s50_sb75_se0_b_m2.mp3,2280.822335993306,False
ElevenLabs_2024-03-31T18_36_35_Dave_pre_s50_sb75_se0_b_m2.mp3,3418.48367026382,False
ElevenLabs_2024-03-31T18_37_30_Dave_pre_s50_sb75_se0_b_m2.mp3,2277.289797660543,False
ElevenLabs_2024-03-31T18_36_15_Dave_pre_s50_sb75_se0_b_m2.mp3,2409.4220689394015,False
ElevenLabs_2024-03-31T19_00_45_Domi_pre_s50_sb75_se0_b_m2.mp3,2402.22094274242,False
ElevenLabs_2024-03-31T18_57_51_Domi_pre_s50_sb75_se0_b_m2.mp3,2912.8107104694886,False
ElevenLabs_2024-03-31T18_56_56_Domi_pre_s50_sb75_se0_b_m2 (1).mp3,3011.1907523560703,False
ElevenLabs_2024-03-31T18_59_32_Domi_pre_s50_sb75_se0_b_m2.mp3,2336.704914639114,False
ElevenLabs_2024-03-31T18_58_17_Domi_pre_s50_sb75_se0_b_m2.mp3,2874.7812995154386,False
ElevenLabs_2024-03-31T18_57_41_Domi_pre_s50_sb75_se0_b_m2.mp3,2543.388155096226,False
ElevenLabs_2024-03-31T18_57_04_Domi_pre_s50_sb75_se0_b_m2.mp3,2641.578666517405,False
ElevenLabs_2024-03-31T18_57_20_Domi_pre_s50_sb75_se0_b_m2.mp3,3106.0306341505193,False
ElevenLabs_2024-03-31T18_56_56_Domi_pre_s50_sb75_se0_b_m2.mp3,3011.1907523560703,False
ElevenLabs_2024-03-31T19_00_03_Domi_pre_s50_sb75_se0_b_m2.mp3,2748.7716499422872,False
ElevenLabs_2024-03-31T18_57_27_Domi_pre_s50_sb75_se0_b_m2.mp3,2742.6675295550217,False
ElevenLabs_2024-04-01T12_57_53_Drew_pre_s50_sb75_se0_b_m2.mp3,2899.279968207721,False
ElevenLabs_2024-04-01T12_59_06_Drew_pre_s50_sb75_se0_b_m2.mp3,2722.7329994878173,False
ElevenLabs_2024-04-01T12_58_41_Drew_pre_s50_sb75_se0_b_m2.mp3,2845.4143105662456,False
ElevenLabs_2024-04-01T12_57_30_Drew_pre_s50_sb75_se0_b_m2.mp3,2858.4596657489024,False
ElevenLabs_2024-04-01T12_58_05_Drew_pre_s50_sb75_se0_b_m2.mp3,2998.7812788668025,False
ElevenLabs_2024-04-01T12_57_46_Drew_pre_s50_sb75_se0_b_m2.mp3,2900.606721175084,False
ElevenLabs_2024-04-01T12_58_36_Drew_pre_s50_sb75_se0_b_m2.mp3,2658.1176556319306,False
ElevenLabs_2024-04-01T12_58_51_Drew_pre_s50_sb75_se0_b_m2.mp3,3287.3677410640935,False
ElevenLabs_2024-04-01T12_58_30_Drew_pre_s50_sb75_se0_b_m2.mp3,2745.730247348371,False
ElevenLabs_2024-04-01T12_58_17_Drew_pre_s50_sb75_se0_b_m2.mp3,2939.0986424541857,False
ElevenLabs_2024-04-01T12_58_23_Drew_pre_s50_sb75_se0_b_m2.mp3,2801.8631524886105,False
ElevenLabs_2024-04-01T12_58_46_Drew_pre_s50_sb75_se0_b_m2.mp3,3033.963346058906,False
ElevenLabs_2024-04-01T12_58_11_Drew_pre_s50_sb75_se0_b_m2.mp3,2962.7202028763363,False
ElevenLabs_2024-04-01T12_58_56_Drew_pre_s50_sb75_se0_b_m2.mp3,3031.7743217598586,False
ElevenLabs_2024-04-01T12_59_02_Drew_pre_s50_sb75_se0_b_m2.mp3,2819.941696436642,False
ElevenLabs_2024-04-01T12_57_57_Drew_pre_s50_sb75_se0_b_m2.mp3,2926.469769358621,False
ElevenLabs_2024-04-01T12_59_12_Drew_pre_s50_sb75_se0_b_m2.mp3,2274.19410794513,False
ElevenLabs_2024-04-01T12_59_17_Drew_pre_s50_sb75_se0_b_m2.mp3,2865.6074865983796,False
ElevenLabs_2024-04-01T12_57_35_Drew_pre_s50_sb75_se0_b_m2.mp3,2716.3543796909084,False
ElevenLabs_2024-04-01T12_57_40_Drew_pre_s50_sb75_se0_b_m2.mp3,2619.317877413782,False
ElevenLabs_2024-03-31T18_32_56_Emily_pre_s50_sb75_se0_b_m2.mp3,2509.9255548404494,False
ElevenLabs_2024-03-31T18_34_05_Emily_pre_s50_sb75_se0_b_m2.mp3,2777.1801969905628,False
ElevenLabs_2024-03-31T18_33_30_Emily_pre_s50_sb75_se0_b_m2.mp3,2642.6373284201286,False
ElevenLabs_2024-03-31T18_33_19_Emily_pre_s50_sb75_se0_b_m2.mp3,2589.9747939422377,False
ElevenLabs_2024-03-31T18_31_47_Emily_pre_s50_sb75_se0_b_m2.mp3,2499.4483306367915,False
ElevenLabs_2024-03-31T18_33_08_Emily_pre_s50_sb75_se0_b_m2.mp3,2174.0854996641483,False
ElevenLabs_2024-03-31T18_34_32_Emily_pre_s50_sb75_se0_b_m2.mp3,2465.7362154639072,False
ElevenLabs_2024-03-31T18_33_41_Emily_pre_s50_sb75_se0_b_m2.mp3,2570.265178153906,False
ElevenLabs_2024-03-31T18_34_21_Emily_pre_s50_sb75_se0_b_m2.mp3,2147.978112146878,False
ElevenLabs_2024-03-31T18_34_13_Emily_pre_s50_sb75_se0_b_m2.mp3,2334.455644317411,False
ElevenLabs_2024-04-01T11_40_10_Fin_pre_s50_sb75_se0_b_m2.mp3,2589.5464463883595,False
ElevenLabs_2024-04-01T11_40_19_Fin_pre_s50_sb75_se0_b_m2.mp3,2805.1361459714753,False
ElevenLabs_2024-04-01T11_41_13_Fin_pre_s50_sb75_se0_b_m2.mp3,2645.0497176040017,False
ElevenLabs_2024-04-01T11_40_30_Fin_pre_s50_sb75_se0_b_m2.mp3,2405.590704427271,False
ElevenLabs_2024-04-01T11_41_30_Fin_pre_s50_sb75_se0_b_m2.mp3,2867.8109926650664,False
ElevenLabs_2024-04-01T12_54_04_Fin_pre_s50_sb75_se0_b_m2.mp3,3072.361160778406,False
ElevenLabs_2024-04-01T11_40_40_Fin_pre_s50_sb75_se0_b_m2.mp3,2274.641332732894,False
ElevenLabs_2024-04-01T11_40_50_Fin_pre_s50_sb75_se0_b_m2.mp3,2797.9485309758797,False
ElevenLabs_2024-04-01T11_41_01_Fin_pre_s50_sb75_se0_b_m2.mp3,2705.2228925613645,False
ElevenLabs_2024-04-01T11_41_22_Fin_pre_s50_sb75_se0_b_m2.mp3,2555.4376275709183,False
ElevenLabs_2024-04-01T13_12_37_Josh_pre_s50_sb75_se0_b_m2.mp3,2462.6634134956653,False
ElevenLabs_2024-04-01T13_12_22_Josh_pre_s50_sb75_se0_b_m2.mp3,2731.8552466076676,False
ElevenLabs_2024-04-01T13_12_10_Josh_pre_s50_sb75_se0_b_m2.mp3,2495.9123715102805,False
ElevenLabs_2024-04-01T13_13_46_Josh_pre_s50_sb75_se0_b_m2.mp3,2452.670868825026,False
ElevenLabs_2024-04-01T13_12_33_Josh_pre_s50_sb75_se0_b_m2.mp3,2428.0590195536997,False
ElevenLabs_2024-04-01T13_12_56_Josh_pre_s50_sb75_se0_b_m2.mp3,2583.7209938030096,False
ElevenLabs_2024-04-01T13_12_28_Josh_pre_s50_sb75_se0_b_m2.mp3,2890.370549092102,False
ElevenLabs_2024-04-01T13_12_15_Josh_pre_s50_sb75_se0_b_m2.mp3,3006.3835223264355,False
ElevenLabs_2024-04-01T13_12_43_Josh_pre_s50_sb75_se0_b_m2.mp3,2692.69929295979,False
ElevenLabs_2024-04-01T13_12_50_Josh_pre_s50_sb75_se0_b_m2.mp3,2732.0991316941454,False
ElevenLabs_2024-04-01T13_13_03_Josh_pre_s50_sb75_se0_b_m2.mp3,2611.459688477085,False
ElevenLabs_2024-03-31T18_45_51_Lily_pre_s50_sb75_se0_b_m2.mp3,2798.199016710328,False
ElevenLabs_2024-03-31T18_46_05_Lily_pre_s50_sb75_se0_b_m2.mp3,2810.3434719961133,False
ElevenLabs_2024-03-31T18_46_57_Lily_pre_s50_sb75_se0_b_m2.mp3,3119.5886653023476,False
ElevenLabs_2024-03-31T18_47_44_Lily_pre_s50_sb75_se0_b_m2.mp3,2972.2576847945525,False
ElevenLabs_2024-03-31T18_45_36_Lily_pre_s50_sb75_se0_b_m2.mp3,2815.8105333699937,False
ElevenLabs_2024-03-31T18_46_31_Lily_pre_s50_sb75_se0_b_m2.mp3,2516.5815444347636,False
ElevenLabs_2024-03-31T18_46_48_Lily_pre_s50_sb75_se0_b_m2.mp3,2850.839391251895,False
ElevenLabs_2024-03-31T18_46_40_Lily_pre_s50_sb75_se0_b_m2.mp3,2681.4306767649805,False
ElevenLabs_2024-03-31T18_47_16_Lily_pre_s50_sb75_se0_b_m2.mp3,2860.10452874148,False
ElevenLabs_2024-03-31T18_46_13_Lily_pre_s50_sb75_se0_b_m2.mp3,2624.6707770027515,False
ElevenLabs_2024-03-31T18_40_25_Paul_pre_s50_sb75_se0_b_m2.mp3,3153.9265670355257,False
ElevenLabs_2024-03-31T18_41_27_Paul_pre_s50_sb75_se0_b_m2.mp3,2779.038800367989,False
ElevenLabs_2024-03-31T18_39_46_Paul_pre_s50_sb75_se0_b_m2.mp3,3020.230252788255,False
ElevenLabs_2024-03-31T18_41_17_Paul_pre_s50_sb75_se0_b_m2.mp3,3032.1216911525325,False
ElevenLabs_2024-03-31T18_40_39_Paul_pre_s50_sb75_se0_b_m2.mp3,3154.0649715527798,False
ElevenLabs_2024-03-31T18_42_14_Paul_pre_s50_sb75_se0_b_m2.mp3,3013.627231106095,False
ElevenLabs_2024-03-31T18_39_36_Paul_pre_s50_sb75_se0_b_m2.mp3,2588.780993219192,False
ElevenLabs_2024-03-31T18_40_54_Paul_pre_s50_sb75_se0_b_m2.mp3,3047.0338254304056,False
ElevenLabs_2024-03-31T18_41_52_Paul_pre_s50_sb75_se0_b_m2.mp3,2829.975227361701,False
ElevenLabs_2024-03-31T18_40_31_Paul_pre_s50_sb75_se0_b_m2.mp3,3027.9276448126943,False
ElevenLabs_2024-04-01T13_08_33_Rachel_pre_s50_sb75_se0_b_m2.mp3,2800.4226719653257,False
ElevenLabs_2024-04-01T13_05_19_Rachel_pre_s50_sb75_se0_b_m2.mp3,2408.345262592484,False
ElevenLabs_2024-04-01T13_08_00_Rachel_pre_s50_sb75_se0_b_m2.mp3,2398.5191723149173,False
ElevenLabs_2024-04-01T13_05_12_Rachel_pre_s50_sb75_se0_b_m2.mp3,2540.7805641459745,False
ElevenLabs_2024-04-01T13_07_21_Rachel_pre_s50_sb75_se0_b_m2.mp3,2390.6632059081967,False
ElevenLabs_2024-04-01T13_08_41_Rachel_pre_s50_sb75_se0_b_m2.mp3,2433.3411892869876,False
ElevenLabs_2024-04-01T13_08_53_Rachel_pre_s50_sb75_se0_b_m2.mp3,2599.090527839505,False
ElevenLabs_2024-04-01T13_09_08_Rachel_pre_s50_sb75_se0_b_m2.mp3,2465.917447140268,False
ElevenLabs_2024-04-01T13_09_01_Rachel_pre_s50_sb75_se0_b_m2.mp3,2342.948232185039,False
ElevenLabs_2024-04-01T13_07_46_Rachel_pre_s50_sb75_se0_b_m2.mp3,2811.648833666845,False
ElevenLabs_2024-04-01T13_08_08_Rachel_pre_s50_sb75_se0_b_m2.mp3,2328.6129238063104,False
ElevenLabs_2024-04-01T13_08_47_Rachel_pre_s50_sb75_se0_b_m2.mp3,2234.3189337582285,False
ElevenLabs_2024-04-01T13_05_32_Rachel_pre_s50_sb75_se0_b_m2.mp3,2434.936628886641,False
ElevenLabs_2024-04-01T13_08_14_Rachel_pre_s50_sb75_se0_b_m2.mp3,2576.186055634365,False
ElevenLabs_2024-04-01T13_05_26_Rachel_pre_s50_sb75_se0_b_m2.mp3,2562.0812307195843,False
ElevenLabs_2024-04-01T13_08_26_Rachel_pre_s50_sb75_se0_b_m2.mp3,2655.8025542472233,False
ElevenLabs_2024-04-01T13_07_52_Rachel_pre_s50_sb75_se0_b_m2.mp3,2565.1146231090224,False
ElevenLabs_2024-04-01T13_07_35_Rachel_pre_s50_sb75_se0_b_m2.mp3,2247.337877929419,False
ElevenLabs_2024-04-01T13_07_28_Rachel_pre_s50_sb75_se0_b_m2.mp3,2377.4431843815787,False
ElevenLabs_2024-04-01T13_08_21_Rachel_pre_s50_sb75_se0_b_m2.mp3,2343.926844607502,False
ElevenLabs_2024-03-31T19_16_44_Sam_pre_s50_sb75_se0_b_m2.mp3,2466.36037743203,False
ElevenLabs_2024-03-31T19_16_17_Sam_pre_s50_sb75_se0_b_m2.mp3,2464.5710474610983,False
ElevenLabs_2024-03-31T19_11_49_Sam_pre_s50_sb75_se0_b_m2.mp3,2130.6820534374165,False
ElevenLabs_2024-03-31T19_12_10_Sam_pre_s50_sb75_se0_b_m2.mp3,2633.153446598032,False
ElevenLabs_2024-03-31T19_12_38_Sam_pre_s50_sb75_se0_b_m2.mp3,2289.7014822157707,False
ElevenLabs_2024-03-31T19_13_37_Sam_pre_s50_sb75_se0_b_m2.mp3,2582.168508443208,False
ElevenLabs_2024-03-31T19_13_01_Sam_pre_s50_sb75_se0_b_m2.mp3,2310.864828365747,False
ElevenLabs_2024-03-31T19_11_37_Sam_pre_s50_sb75_se0_b_m2.mp3,2286.346652701413,False
ElevenLabs_2024-03-31T19_11_29_Sam_pre_s50_sb75_se0_b_m2.mp3,2441.2099139536695,False
ElevenLabs_2024-03-31T19_11_57_Sam_pre_s50_sb75_se0_b_m2.mp3,2209.6383173228483,False
ElevenLabs_2024-03-31T19_13_15_Sam_pre_s50_sb75_se0_b_m2.mp3,2593.194065751321,False
ElevenLabs_2024-03-31T19_17_04_Sam_pre_s50_sb75_se0_b_m2.mp3,2361.1157772429583,False
ElevenLabs_2024-03-31T19_12_16_Sam_pre_s50_sb75_se0_b_m2.mp3,2659.9866785274535,False
ElevenLabs_2024-03-31T19_13_47_Sam_pre_s50_sb75_se0_b_m2.mp3,2234.3215247968515,False
ElevenLabs_2024-03-31T19_18_37_Sam_pre_s50_sb75_se0_b_m2.mp3,2266.0539521090336,False
ElevenLabs_2024-03-31T19_11_43_Sam_pre_s50_sb75_se0_b_m2.mp3,2346.879086636661,False
ElevenLabs_2024-03-31T19_12_26_Sam_pre_s50_sb75_se0_b_m2.mp3,2510.6957520945593,False
ElevenLabs_2024-03-31T19_12_04_Sam_pre_s50_sb75_se0_b_m2.mp3,2479.0213079659093,False
ElevenLabs_2024-03-31T18_54_48_Sarah_pre_s50_sb75_se0_b_m2.mp3,2355.0913134663324,False
ElevenLabs_2024-03-31T18_54_33_Sarah_pre_s50_sb75_se0_b_m2.mp3,2157.369127704752,False
ElevenLabs_2024-03-31T18_54_04_Sarah_pre_s50_sb75_se0_b_m2.mp3,2259.799369224218,False
ElevenLabs_2024-03-31T18_53_54_Sarah_pre_s50_sb75_se0_b_m2.mp3,2694.8003316226805,False
ElevenLabs_2024-03-31T18_53_10_Sarah_pre_s50_sb75_se0_b_m2.mp3,2276.012253380296,False
ElevenLabs_2024-03-31T18_55_15_Sarah_pre_s50_sb75_se0_b_m2.mp3,2181.877571750668,False
ElevenLabs_2024-03-31T18_54_13_Sarah_pre_s50_sb75_se0_b_m2.mp3,2285.2562434473834,False
ElevenLabs_2024-03-31T18_53_20_Sarah_pre_s50_sb75_se0_b_m2.mp3,2317.154775720146,False
ElevenLabs_2024-03-31T18_53_46_Sarah_pre_s50_sb75_se0_b_m2.mp3,2204.7838424406823,False
ElevenLabs_2024-03-31T18_54_22_Sarah_pre_s50_sb75_se0_b_m2.mp3,2320.85617165319,False
ElevenLabs_2024-03-31T18_29_27_Thomas_pre_s50_sb75_se0_b_m2.mp3,2080.798074226336,False
ElevenLabs_2024-03-31T17_17_44_Thomas_pre_s50_sb75_se0_b_m2.mp3,2493.4921572926073,False
ElevenLabs_2024-03-31T17_18_36_Thomas_pre_s50_sb75_se0_b_m2.mp3,2614.1081666050986,False
ElevenLabs_2024-03-31T17_20_21_Thomas_pre_s50_sb75_se0_b_m2.mp3,2496.5435944148876,False
ElevenLabs_2024-03-31T18_30_02_Thomas_pre_s50_sb75_se0_b_m2.mp3,2678.47945760498,False
ElevenLabs_2024-03-31T17_15_41_Thomas_pre_s50_sb75_se0_b_m2.mp3,1913.9156883373753,False
ElevenLabs_2024-03-31T18_28_44_Thomas_pre_s50_sb75_se0_b_m2.mp3,2645.2784283292167,False
ElevenLabs_2024-03-31T18_28_58_Thomas_pre_s50_sb75_se0_b_m2.mp3,2693.6577334217473,False
ElevenLabs_2024-03-31T18_27_48_Thomas_pre_s50_sb75_se0_b_m2.mp3,2537.782476178951,False
ElevenLabs_2024-03-31T17_19_38_Thomas_pre_s50_sb75_se0_b_m2.mp3,2205.007920819093,False
ElevenLabs_2024-06-28T14_52_28_Jeremy.mp3,2726.768948951529,False
ElevenLabs_2024-06-28T14_36_39_Daniel.mp3,2224.9411100782636,False
ElevenLabs_2024-06-28T14_52_09_Jeremy.mp3,2675.3426782616293,False
ElevenLabs_2024-06-28T14_56_25_Grace.mp3,2828.169632612908,False
ElevenLabs_2024-06-28T14_39_32_Daniel.mp3,2150.8810868255255,False
ElevenLabs_2024-06-28T14_57_34_Grace.mp3,2740.7041996995467,False
ElevenLabs_2024-06-28T14_51_12_Jeremy.mp3,2732.9041523083893,False
ElevenLabs_2024-06-28T14_44_56_Clyde.mp3,2355.2825644056907,False
ElevenLabs_2024-06-28T14_37_32_Daniel.mp3,2273.444898767351,False
ElevenLabs_2024-06-28T15_02_28_Grace.mp3,2663.5797499100318,False
ElevenLabs_2024-06-28T14_45_43_Clyde.mp3,2563.2152105773325,False
ElevenLabs_2024-06-28T14_49_31_Jeremy.mp3,2391.3531539527903,False
ElevenLabs_2024-06-28T14_59_19_Grace.mp3,2763.6486875596975,False
ElevenLabs_2024-06-28T15_05_17_Harry.mp3,2360.2758099629355,False
ElevenLabs_2024-06-28T15_05_34_Harry.mp3,2506.275031334159,False
ElevenLabs_2024-06-28T14_50_36_Jeremy.mp3,2878.521494667335,False
ElevenLabs_2024-06-28T14_55_46_Grace.mp3,2895.642535233586,False
ElevenLabs_2024-06-28T14_45_24_Clyde.mp3,2587.7930949796996,False
ElevenLabs_2024-06-28T15_00_15_Grace.mp3,2768.0374944129985,False
ElevenLabs_2024-06-28T14_53_07_Jeremy.mp3,2568.8215652164436,False
ElevenLabs_2024-06-28T15_01_14_Grace.mp3,2343.057740149762,False
ElevenLabs_2024-06-28T14_44_03_Clyde.mp3,2508.2927863620243,False
ElevenLabs_2024-06-28T14_53_34_Jeremy.mp3,2608.6144863262316,False
ElevenLabs_2024-06-28T15_02_58_Grace.mp3,3014.5701005042724,False
ElevenLabs_2024-06-28T15_00_32_Grace.mp3,2736.1769594202988,False
ElevenLabs_2024-06-28T14_35_32_Daniel.mp3,2385.3007207898345,False
ElevenLabs_2024-06-28T14_47_48_Clyde.mp3,2770.6037203498126,False
ElevenLabs_2024-06-28T15_01_52_Grace.mp3,2672.878341826982,False
ElevenLabs_2024-06-28T14_50_10_Jeremy.mp3,2640.9774191890806,False
ElevenLabs_2024-06-28T14_56_57_Grace.mp3,2606.1919643129677,False
ElevenLabs_2024-06-28T14_43_13_Clyde.mp3,2526.702807991969,False
ElevenLabs_2024-06-28T14_56_41_Grace.mp3,2210.615156471684,False
ElevenLabs_2024-06-28T14_49_50_Jeremy.mp3,2791.6221396745514,False
ElevenLabs_2024-06-28T14_42_18_Clyde.mp3,2302.424102971289,False
ElevenLabs_2024-06-28T14_46_51_Clyde.mp3,2520.641949522724,False
ElevenLabs_2024-06-28T15_04_56_Harry.mp3,2425.8883253466965,False
ElevenLabs_2024-06-28T14_56_08_Grace.mp3,2768.495446786143,False
ElevenLabs_2024-06-28T14_51_41_Jeremy.mp3,2897.2722860153744,False
ElevenLabs_2024-06-28T14_42_47_Clyde.mp3,2412.240271283371,False
ElevenLabs_2024-06-28T14_43_38_Clyde.mp3,2231.038249232347,False
ElevenLabs_2024-06-28T15_00_57_Grace.mp3,2918.7138547196205,False
ElevenLabs_2024-06-28T14_52_47_Jeremy.mp3,2619.053632846614,False
ElevenLabs_2024-06-28T14_57_11_Grace.mp3,2775.8068014082564,False
ElevenLabs_2024-06-28T14_38_53_Daniel.mp3,2203.252571529356,False
ElevenLabs_2024-06-28T14_44_28_Clyde.mp3,2385.974591590804,False
ElevenLabs_2024-06-28T14_37_06_Daniel.mp3,2127.4099306570915,False
ElevenLabs_2024-06-28T14_47_22_Clyde.mp3,2475.2639084500024,False
ElevenLabs_2024-06-28T14_59_54_Grace.mp3,2716.8956266243126,False
ElevenLabs_2024-06-28T14_39_52_Daniel.mp3,2077.743640235235,False
ElevenLabs_2024-06-28T14_48_10_Clyde.mp3,2459.130339087054,False
ElevenLabs_2024-06-28T15_02_12_Grace.mp3,2421.2598417271815,False
ElevenLabs_2024-06-28T15_03_36_Grace.mp3,2734.7342894627554,False
ElevenLabs_2024-06-28T14_53_55_Jeremy.mp3,2690.0263537933106,False
ElevenLabs_2024-06-28T14_46_17_Clyde.mp3,2460.9178932997334,False
ElevenLabs_2024-06-28T14_36_15_Daniel.mp3,2141.0942560939975,False
ElevenLabs_2024-06-28T14_54_15_Jeremy.mp3,2741.588882847409,False
ElevenLabs_2024-06-28T14_38_03_Daniel.mp3,2137.644406534966,False
ElevenLabs_2024-06-28T15_01_30_Grace.mp3,2824.306099296405,False
ElevenLabs_2024-06-28T14_39_14_Daniel.mp3,2241.8086694726476,False
ElevenLabs_2024-06-28T14_40_17_Daniel.mp3,2054.508699691634,False
ttsmaker-file-2024-6-29-5-13-54.mp3,1766.9098229057154,False
ttsmaker-file-2024-6-29-4-49-1.mp3,2425.027579336942,False
ttsmaker-file-2024-6-29-5-1-10.mp3,1526.443270193138,False
ElevenLabs_2024-06-28T18_48_50_Josh_pre_s50_sb75_se0_b_m2.mp3,2357.2687232268836,False
ElevenLabs_2024-06-28T18_49_50_Josh_pre_s50_sb75_se0_b_m2.mp3,2783.8454354065893,False
ttsmaker-file-2024-6-29-4-51-24.mp3,2209.243437966074,False
ttsmaker-file-2024-6-29-5-5-2.mp3,1266.6193283373025,False
ttsmaker-file-2024-6-29-4-47-47.mp3,2214.4669490253277,False
ttsmaker-file-2024-6-29-5-6-9.mp3,1520.7751070664244,False
ttsmaker-file-2024-6-29-5-12-56.mp3,1617.1578323112767,False
ttsmaker-file-2024-6-29-5-6-44.mp3,1582.5589086730683,False
ElevenLabs_2024-06-28T18_49_00_Josh_pre_s50_sb75_se0_b_m2.mp3,2322.981432280259,False
ttsmaker-file-2024-6-29-5-4-47.mp3,1382.6427572801595,False
ttsmaker-file-2024-6-29-5-6-25.mp3,1501.6526040492922,False
ttsmaker-file-2024-6-29-5-5-49.mp3,1532.9440506381325,False
ttsmaker-file-2024-6-29-5-4-31.mp3,1266.6193283373025,False
ElevenLabs_2024-06-28T18_48_32_Josh_pre_s50_sb75_se0_b_m2.mp3,2539.3334363035488,False
ElevenLabs_2024-06-28T18_48_22_Josh_pre_s50_sb75_se0_b_m2.mp3,2476.5562274662343,False
ttsmaker-file-2024-6-29-5-5-18.mp3,1382.6427572801595,False
ElevenLabs_2024-06-28T18_49_22_Josh_pre_s50_sb75_se0_b_m2.mp3,2743.6289409458273,False
ElevenLabs_2024-06-28T18_49_31_Josh_pre_s50_sb75_se0_b_m2.mp3,2290.8519579695767,False
ttsmaker-file-2024-6-29-5-16-23.mp3,1402.7883933677117,False
ttsmaker-file-2024-6-29-5-17-35.mp3,1530.2637783406653,False
ttsmaker-file-2024-6-29-5-1-33.mp3,1480.5664832511775,False
ttsmaker-file-2024-6-29-5-16-48.mp3,1435.0111259610258,False
ttsmaker-file-2024-6-29-4-50-43.mp3,2408.5125643419037,False
ttsmaker-file-2024-6-29-4-48-13.mp3,2081.747130107989,False
ttsmaker-file-2024-6-29-4-49-53.mp3,2406.153800086675,False
ttsmaker-file-2024-6-29-4-48-45.mp3,2081.747130107989,False
ttsmaker-file-2024-6-29-5-12-6.mp3,1480.8254774885893,False
ttsmaker-file-2024-6-29-5-3-5.mp3,1698.3304449504574,False
ttsmaker-file-2024-6-29-5-11-50.mp3,1503.6895949626303,False
ttsmaker-file-2024-6-29-4-51-40.mp3,2338.649705571133,False
ttsmaker-file-2024-6-29-5-17-8.mp3,1810.4947659526565,False
ttsmaker-file-2024-6-29-5-2-20.mp3,1502.675687008986,False
ttsmaker-file-2024-6-29-4-51-5.mp3,2590.395212346989,False
ElevenLabs_2024-06-28T18_47_42_Josh_pre_s50_sb75_se0_b_m2.mp3,2268.0058798097484,False
ttsmaker-file-2024-6-29-5-16-1.mp3,1842.2298712234951,False
ttsmaker-file-2024-6-29-5-2-36.mp3,1297.016969787995,False
ttsmaker-file-2024-6-29-4-50-28.mp3,2705.620990680539,False
ttsmaker-file-2024-6-29-5-0-54.mp3,1472.6641799831277,False
ttsmaker-file-2024-6-29-5-3-22.mp3,1650.9970206807163,False
ttsmaker-file-2024-6-29-5-12-24.mp3,1617.1578323112767,False
ttsmaker-file-2024-6-29-5-15-10.mp3,1413.198823504501,False
ttsmaker-file-2024-6-29-5-3-56.mp3,1509.7821443694402,False
ttsmaker-file-2024-6-29-5-1-56.mp3,1744.726233837673,False
ttsmaker-file-2024-6-29-5-14-28.mp3,1766.9098229057154,False
ttsmaker-file-2024-6-29-5-15-33.mp3,1557.1075653902933,False
ElevenLabs_2024-06-28T18_49_10_Josh_pre_s50_sb75_se0_b_m2.mp3,2993.5938863316314,False
ttsmaker-file-2024-6-29-5-14-51.mp3,1518.6469339828495,False
ttsmaker-file-2024-6-29-5-13-31.mp3,1431.330638683999,False
ttsmaker-file-2024-6-29-4-50-12.mp3,2408.5125643419037,False
ttsmaker-file-2024-6-29-4-49-25.mp3,2522.506157380722,False
ttsmaker-file-2024-6-29-5-3-37.mp3,1698.3304449504574,False
ElevenLabs_2024-06-28T18_48_11_Josh_pre_s50_sb75_se0_b_m2.mp3,2371.1058273495796,False
ttsmaker-file-2024-6-29-4-52-1.mp3,2977.5240780075883,False
ttsmaker-file-2024-6-29-5-12-41.mp3,1413.8770778727232,False
ttsmaker-file-2024-6-29-5-14-10.mp3,1399.9396397337234,False
ttsmaker-file-2024-6-29-4-47-12.mp3,2214.4669490253277,False
